K,call_parity,call_plb,call_best_price,call_ask,call_mid,call_bid,call_last_price,put_parity,put_plb,put_best_price,put_ask,put_mid,put_bid,put_last_price
200,5163.580078125,5156.723882020205,5169.8984375,5169.8984375,5161.048829125,5152.19921875,5437.06005859375,,0.0,0.0500000007450581,0.0500000007450581,0.0500000007450581,,0.0500000007450581
400,4963.580078125,4957.586629992531,4962.1484385,4971.19921875,4962.1484385,4953.09765625,,,0.0,0.0500000007450581,0.0500000007450581,0.0500000007450581,,0.0500000007450581
600,4763.580078125,4758.4493779648565,4773.0,4773.0,4763.94921975,4754.8984375,4869.2998046875,,0.0,0.100000001490116,0.100000001490116,0.100000001490116,,0.100000001490116
800,4563.580078125,4559.312125937183,4566.1484385,4574.8984375,4566.1484385,4557.3984375,,,0.0,0.100000001490116,0.100000001490116,0.100000001490116,,0.150000005960464
1000,4363.580078125,4360.174873909509,4360.174873909509,4373.09765625,4365.6484385,4358.19921875,4350.759765625,,0.0,0.100000001490116,0.100000001490116,0.100000001490116,,0.100000001490116
1200,4163.580078125,4161.037621881836,4174.69921875,4174.69921875,4165.6484385,4156.59765625,4444.490234375,,0.0,0.200000988079071,0.199999988079071,0.200000988079071,,0.0500000007450581
1400,3963.580078125,3961.9003698541615,3968.85009865625,3977.60009765625,3968.85009865625,3960.10009765625,,,0.0,0.300001011920929,0.300000011920929,0.300001011920929,,1.20000004768372
1600,3763.580078125,3762.7631178264874,3775.80004882812,3775.80004882812,3767.59997658594,3759.39990234375,4516.60009765625,,0.0,0.350001023841858,0.350000023841858,0.350001023841858,,0.200000002980232
1800,3563.580078125,3563.6258657988137,3579.89990234375,3579.89990234375,3570.89990334375,3561.89990234375,4060.43994140625,,0.0,0.449999988079071,0.449999988079071,0.325000995529652,0.200000002980232,0.699999988079071
2000,3363.580078125,3364.48861377114,3379.5,3379.5,3370.44995217187,3361.39990234375,3653.68994140625,,0.0,0.600000023841858,0.600000023841858,0.425001011920929,0.25,0.639999985694885
2100,3263.580078125,3264.9199877573033,3278.30004882812,3278.30004882812,3270.30004982812,3262.30004882812,3620.01000976562,,0.0,0.5,0.699999988079071,0.525001005960465,0.350000023841858,0.5
2200,3163.580078125,3165.351361743466,3178.89990234375,3178.89990234375,3170.59997658594,3162.30004882812,3590.8798828125,,0.0,0.800000011920929,0.800000011920929,0.625001,0.449999988079071,1.00999999046326
2300,3063.580078125,3065.782735729629,3071.44995217187,3079.5,3071.44995217187,3063.39990234375,,,0.0,0.949999988079071,0.949999988079071,0.775001005960465,0.600000023841858,0.949999988079071
2400,2963.580078125,2966.2141097157923,2980.10009765625,2980.10009765625,2971.80004982812,2963.5,3377.580078125,,0.0,1.14999961853027,1.14999961853027,0.975000815225601,0.800000011920929,1.29999995231628
2500,2863.580078125,2866.6454837019555,2866.6454837019555,2880.80004882812,2872.80004982812,2864.80004882812,2505.76000976562,,0.0,1.39999961853027,1.39999961853027,1.22500090463257,1.05000019073486,2.04999995231628
2600,2763.580078125,2767.0768576881187,2773.84997658594,2782.19995117188,2773.84997658594,2765.5,,,0.0,1.75,1.75,1.57500080926514,1.39999961853027,1.95000004768372
2700,2663.580078125,2667.5082316742814,2674.000001,2682.30004882812,2674.000001,2665.69995117188,,,0.0,2.05000019073486,2.05000019073486,1.90000109536743,1.75,2.08999991416931
2800,2563.580078125,2567.9396056604446,2575.15002541406,2583.10009765625,2575.15002541406,2567.19995117188,,,0.0,2.5,2.5,2.32500080926514,2.14999961853027,2.79999995231628
2900,2463.580078125,2468.370979646608,2471.89990234375,2483.5,2477.69995217187,2471.89990234375,2374.8798828125,,0.0,3.09999990463257,3.10000038146973,2.85000138146973,2.60000038146973,3.09999990463257
3000,2363.580078125,2368.802353632771,2372.69995117188,2384.30004882812,2378.500001,2372.69995117188,2008.43005371094,,0.0,3.5,3.5,3.30000119073486,3.10000038146973,3.59999990463257
3050,2313.580078125,2319.02119572064,2334.89990234375,2334.89990234375,2329.14990334375,2323.39990234375,2726.21997070312,,0.0,3.80000019073486,3.80000019073486,3.55000119073486,3.30000019073486,7.07000017166138
3100,2263.580078125,2269.2369343529576,2273.69995117188,2285.30004882812,2279.500001,2273.69995117188,2048.0,,0.0,4.10000038146973,4.10000038146973,3.90000109536743,3.69999980926514,5.07999992370605
3150,2213.580078125,2219.452672985275,2229.90002541406,2235.69995117188,2229.90002541406,2224.10009765625,,,0.0,4.40000057220459,4.5,4.250001,4.0,4.40000057220459
3200,2163.580078125,2169.6684116175925,2186.39990234375,2186.39990234375,2180.59997658594,2174.80004882812,2247.97998046875,,0.0,4.89999961853027,4.89999961853027,4.65000061853027,4.39999961853027,5.0
3250,2113.580078125,2119.88415024991,2131.250001,2137.0,2131.250001,2125.5,,,0.0,5.19999980926514,5.19999980926514,5.000001,4.80000019073486,7.5
3300,2063.580078125,2070.099888882228,2087.5,2087.5,2081.750001,2076.0,2505.26000976562,,0.0,5.60000038146973,5.60000038146973,5.40000109536743,5.19999980926514,11.0
3350,2013.580078125,2020.3156275145452,2032.80004982813,2038.5,2032.80004982813,2027.10009765625,,,0.0,6.10000038146973,6.10000038146973,5.85000138146973,5.60000038146973,8.10000038146973
3400,1963.580078125,1970.5313661468624,1989.0,1989.0,1983.29992775781,1977.59985351562,2551.1298828125,,0.0,6.69999980926514,6.69999980926514,6.45000080926514,6.19999980926514,10.5
3450,1913.580078125,1920.74710477918,1928.60009765625,1940.0,1934.30004982813,1928.60009765625,1762.09997558594,,0.0,7.10000038146973,7.10000038146973,6.90000109536743,6.69999980926514,17.0400009155273
3500,1863.580078125,1870.9628434114975,1890.60009765625,1890.60009765625,1884.90002541406,1879.19995117188,2308.40991210938,,0.0,7.69999980926514,7.69999980926514,7.500001,7.30000019073486,9.5
3525,1838.580078125,1846.0707127276564,1860.39990334375,1868.19995117188,1860.39990334375,1852.59985351562,,,0.0,8.0,8.0,7.80000119073486,7.60000038146973,16.2000007629395
3550,1813.580078125,1821.178582043815,1836.000001,1841.59985351562,1836.000001,1830.40014648438,,,0.0,8.39999961853027,8.39999961853027,8.15000061853027,7.89999961853027,16.5799999237061
3575,1788.580078125,1796.286451359974,1811.09997658594,1818.69995117188,1811.09997658594,1803.5,,,0.0,8.69999980926514,8.69999980926514,8.45000080926514,8.19999980926514,14.5
3600,1763.580078125,1771.3943206761328,1786.54992775781,1792.19995117188,1786.54992775781,1780.89990234375,,,0.0,9.10000038146973,9.10000038146973,8.80000119073486,8.5,16.1000003814697
3625,1738.580078125,1746.5021899922913,1754.5,1770.10009765625,1762.30004982813,1754.5,1583.09997558594,,0.0,9.39999961853027,9.39999961853027,9.15000061853027,8.89999961853027,11.5
3650,1713.580078125,1721.6100593084502,1737.65002541406,1743.30004882812,1737.65002541406,1732.0,,,0.0,9.89999961853027,9.89999961853027,9.60000090463257,9.30000019073486,11.1999998092651
3675,1688.580078125,1696.7179286246087,1713.05004982813,1720.60009765625,1713.05004982813,1705.5,,,0.0,10.3000001907349,10.3000001907349,10.000001,9.69999980926514,18.2700004577637
3700,1663.580078125,1671.8257979407676,1683.09985351562,1694.40014648438,1688.750001,1683.09985351562,1549.90002441406,,0.0,10.6000003814697,10.6000003814697,10.3500013814697,10.1000003814697,11.8000001907349
3725,1638.580078125,1646.933667256926,1656.60009765625,1671.60009765625,1664.10009865625,1656.60009765625,1564.09997558594,,0.0,11.1000003814697,11.1000003814697,10.750001,10.3999996185303,18.2999992370605
3750,1613.580078125,1622.041536573085,1639.69995217188,1645.30004882812,1639.69995217188,1634.09985351562,,,0.0,11.5,11.5,11.2000008092651,10.8999996185303,13.1599998474121
3775,1588.580078125,1597.149405889244,1615.00012307031,1622.90014648438,1615.00012307031,1607.10009765625,,,0.0,12.1000003814697,12.1000003814697,11.750001,11.3999996185303,13.8999996185303
3800,1563.580078125,1572.2572752054025,1585.30004882812,1596.19995117188,1590.750001,1585.30004882812,1213.26000976562,,0.0,12.6000003814697,12.6000003814697,12.250001,11.8999996185303,13.3999996185303
3825,1538.580078125,1547.3651445215614,1565.94995217188,1572.80004882812,1565.94995217188,1559.09985351562,,,0.0,13.1000003814697,13.1000003814697,12.750001,12.3999996185303,25.1599998474121
3850,1513.580078125,1522.47301383772,1549.30004882812,1549.30004882812,1543.000001,1536.69995117188,1815.53002929688,,0.0,13.6000003814697,13.6000003814697,13.250001,12.8999996185303,21.5
3875,1488.580078125,1497.5808831538789,1517.24987892969,1524.09985351562,1517.24987892969,1510.39990234375,,,0.0,14.1000003814697,14.1000003814697,13.750001,13.3999996185303,18.2000007629395
3900,1463.580078125,1472.6887524700371,1498.59985351562,1498.59985351562,1493.74987892969,1488.89990234375,2265.7099609375,,0.0,14.6999998092651,14.6999998092651,14.3500009046326,14.0,15.6999998092651
3925,1438.580078125,1447.7966217861965,1468.65002541406,1475.5,1468.65002541406,1461.80004882812,,,0.0,15.3000001907349,15.3000001907349,14.9000010953674,14.5,16.8199996948242
3950,1413.580078125,1422.9044911023552,1444.750001,1450.0,1444.750001,1439.5,,,0.0,15.8999996185303,15.8999996185303,15.5500007138977,15.1999998092651,21.1299991607666
3975,1388.580078125,1398.0123604185137,1420.24987892969,1427.09985351562,1420.24987892969,1413.39990234375,,,0.0,16.6999969482422,16.6999969482422,16.2999992833862,15.8999996185303,17.7700004577637
4000,1363.580078125,1373.1202297346726,1393.0,1399.0,1396.000001,1393.0,1387.97998046875,,0.0,17.2999877929688,17.2999877929688,16.8999948964844,16.5,18.8199996948242
4025,1338.580078125,1348.2280990508311,1365.69995117188,1379.0,1372.34997658594,1365.69995117188,1057.59997558594,,0.0,18.0,18.0,17.5500040517578,17.1000061035156,19.4599990844727
4050,1313.580078125,1323.33596836699,1353.19995117188,1353.19995117188,1348.39990334375,1343.59985351562,1888.90002441406,,0.0,18.8000030517578,18.8000030517578,18.4000025258789,18.0,20.4699993133545
4075,1288.580078125,1298.4438376831486,1323.44995217188,1330.30004882812,1323.44995217188,1316.59985351562,,,0.0,19.5999908447266,19.5999908447266,19.1499948964844,18.6999969482422,20.9799995422363
4100,1263.580078125,1273.5517069993075,1294.59985351562,1307.80004882812,1301.19995217188,1294.59985351562,972.619995117188,,0.0,20.3000030517578,20.3000030517578,19.9000025258789,19.5,20.8000030517578
4125,1238.580078125,1248.6595763154664,1268.59985351562,1282.89990234375,1275.74987892969,1268.59985351562,955.309997558594,,0.0,21.1999969482422,21.1999969482422,20.6999979482422,20.1999969482422,28.1000003814697
4150,1213.580078125,1223.7674456316254,1246.59985351562,1259.69995117188,1253.14990334375,1246.59985351562,1225.0,,0.0,22.0,22.0,21.5999994741211,21.1999969482422,29.2000007629395
4175,1188.580078125,1198.8753149477834,1235.0,1235.0,1227.84997658594,1220.69995117188,1718.72998046875,,0.0,23.0,23.0,22.500001,22.0,26.25
4200,1163.580078125,1173.9831842639423,1198.69995117188,1209.0,1203.84997658594,1198.69995117188,1123.38000488281,,0.0,23.8999938964844,23.8999938964844,23.4499979482422,23.0,27.25
4210,1153.580078125,1164.026331990406,1194.65002541406,1201.5,1194.65002541406,1187.80004882812,,,0.0,24.3000030517578,24.3000030517578,23.8000040517578,23.3000030517578,57.7700004577637
4220,1143.580078125,1154.06947971687,1184.74987892969,1191.89990234375,1184.74987892969,1177.59985351562,,,0.0,24.8000030517578,24.8000030517578,24.250001,23.6999969482422,58.5699996948242
4225,1138.580078125,1149.0910535801013,1186.89990234375,1186.89990234375,1179.84997658594,1172.80004882812,1928.36999511719,,0.0,24.8999938964844,24.8999938964844,24.3999948964844,23.8999938964844,32.7999992370605
4230,1133.580078125,1144.1126274433327,1174.84985451563,1181.59985351562,1174.84985451563,1168.09985351562,,,0.0,25.1999969482422,25.1999969482422,24.6500025258789,24.1000061035156,70.9000015258789
4240,1123.580078125,1134.1557751697965,1158.59985351562,1172.59985351562,1165.59985451563,1158.59985351562,1063.69995117188,,0.0,25.5999908447266,25.5999908447266,25.0499964223633,24.5,31.1000003814697
4250,1113.580078125,1124.1989228962602,1162.10009765625,1162.10009765625,1156.90002541406,1151.69995117188,1241.5,,0.0,25.8999938964844,25.8999938964844,25.3999948964844,24.8999938964844,28.1599998474121
4260,1103.580078125,1114.242070622723,1146.250001,1153.0,1146.250001,1139.5,,,0.0,26.3999938964844,26.3999938964844,25.8499994741211,25.3000030517578,33.9000015258789
4270,1093.580078125,1104.2852183491868,1137.39990334375,1144.19995117188,1137.39990334375,1130.59985351562,,,0.0,27.0,27.0,26.3999948964844,25.7999877929688,34.5
4275,1088.580078125,1099.3067922124185,1125.89990234375,1139.5,1132.69995217188,1125.89990234375,1028.5,,0.0,27.0,27.0,26.500001,26.0,35.5
4280,1083.580078125,1094.3283660756506,1128.30004982813,1135.5,1128.30004982813,1121.10009765625,,,0.0,27.3000030517578,27.3000030517578,26.750001,26.1999969482422,35.7999992370605
4290,1073.580078125,1084.3715138021144,1118.55004982813,1125.5,1118.55004982813,1111.60009765625,,,0.0,27.6999969482422,27.6999969482422,27.1500025258789,26.6000061035156,46.3899993896484
4300,1063.580078125,1074.4146615285772,1103.39990234375,1113.0,1108.19995217188,1103.39990234375,1032.0,,0.0,28.3000030517578,28.3000030517578,27.750001,27.1999969482422,33.2799987792969
4310,1053.580078125,1064.457809255041,1098.69995217188,1105.39990234375,1098.69995217188,1092.0,,,0.0,28.6999969482422,28.6999969482422,28.0999994741211,27.5,50.4000015258789
4320,1043.580078125,1054.5009569815047,1090.29992775781,1097.5,1090.29992775781,1083.09985351562,,,0.0,29.1999969482422,29.1999969482422,28.5999994741211,28.0,38.2999992370605
4325,1038.580078125,1049.522530844736,1078.39990234375,1092.19995117188,1085.29992775781,1078.39990234375,837.400024414062,,0.0,29.3999938964844,29.3999938964844,28.8499994741211,28.3000030517578,38.4000015258789
4330,1033.580078125,1044.5441047079676,1079.750001,1086.5,1079.750001,1073.0,,,0.0,29.6000061035156,29.6000061035156,29.1000071035156,28.6000061035156,51.060001373291
4340,1023.580078125,1034.587252434431,1063.5,1077.0,1070.250001,1063.5,775.5,,0.0,30.0999908447266,30.0999908447266,29.4999933706055,28.8999938964844,41.0999984741211
4350,1013.580078125,1024.630400160895,1056.69995117188,1067.19995117188,1061.94995217188,1056.69995117188,909.599975585938,,0.0,30.5999908447266,30.5999908447266,29.9999933706055,29.3999938964844,31.0699996948242
4360,1003.580078125,1014.6735478873588,1051.34985451563,1058.09985351562,1051.34985451563,1044.59985351562,,,0.0,31.1999969482422,31.1999969482422,30.5999994741211,30.0,53.5999984741211
4370,993.580078125,1004.7166956138216,1035.89990234375,1049.39990234375,1042.64990334375,1035.89990234375,639.200012207031,,0.0,31.6999969482422,31.6999969482422,31.0999994741211,30.5,41.4000015258789
4375,988.580078125,999.738269477054,1030.5,1044.0,1037.250001,1030.5,633.900024414062,,0.0,31.8999938964844,31.8999938964844,31.3999948964844,30.8999938964844,32.4300003051758
4380,983.580078125,994.7598433402854,1032.90002541406,1040.0,1032.90002541406,1025.80004882812,,,0.0,32.1999969482422,32.1999969482422,31.6499948964844,31.0999908447266,34.8699989318848
4390,973.580078125,984.8029910667492,1016.5,1029.80004882812,1023.15002541406,1016.5,839.400024414062,,0.0,32.7999877929688,32.7999877929688,32.1999979482422,31.6000061035156,44.0
4400,963.580078125,974.846138793212,1009.0,1019.19995117188,1014.09997658594,1009.0,888.700012207031,,0.0,33.3000030517578,33.3000030517578,32.7000055776367,32.1000061035156,35.0499992370605
4410,953.580078125,964.8892865196758,1004.69983010156,1011.7998046875,1004.69983010156,997.599853515625,,,0.0,33.8999938964844,33.8999938964844,33.2999964223633,32.6999969482422,45.4000015258789
4420,943.580078125,954.9324342461396,995.000001,1001.69995117188,995.000001,988.300048828125,,,0.0,34.5,34.5,33.8999948964844,33.2999877929688,49.5499992370605
4425,938.580078125,949.954008109371,984.10009765625,997.0,990.550049828125,984.10009765625,692.52001953125,,0.0,34.7999877929688,34.7999877929688,34.2499933706055,33.6999969482422,45.5
4430,933.580078125,944.9755819726032,985.599854515625,992.2998046875,985.599854515625,978.89990234375,,,0.0,35.0999908447266,35.0999908447266,34.5499964223633,34.0,50.3499984741211
4440,923.580078125,935.0187296990662,976.400025414062,982.699951171875,976.400025414062,970.10009765625,,,0.0,35.6000061035156,35.6000061035156,35.0500040517578,34.5,53.2000007629395
4450,913.580078125,925.06187742553,971.599853515625,971.599853515625,967.14990334375,962.699951171875,1054.59997558594,,0.0,36.4000091552734,36.4000091552734,35.7500086293945,35.1000061035156,46.7999992370605
4460,903.580078125,915.1050251519936,950.7998046875,964.199951171875,957.499878929687,950.7998046875,695.700012207031,,0.0,36.9000091552734,36.9000091552734,36.3000040517578,35.6999969482422,39.8600006103516
4470,893.580078125,905.1481728784564,942.10009765625,954.900146484375,948.500123070312,942.10009765625,643.039978027344,,0.0,37.5,37.5,36.8499994741211,36.1999969482422,40.689998626709
4475,888.580078125,900.1697467416889,950.199951171875,950.199951171875,943.799927757812,937.39990234375,1485.42004394531,,0.0,37.7999877929688,37.7999877929688,37.2499933706055,36.6999969482422,48.7000007629395
4480,883.580078125,895.1913206049203,932.800048828125,945.60009765625,939.200074242187,932.800048828125,618.799987792969,,0.0,38.1999969482422,38.1999969482422,37.5500040517578,36.9000091552734,41.4000015258789
4490,873.580078125,885.234468331384,929.700074242187,936.0,929.700074242187,923.400146484375,,,0.0,38.8000030517578,38.8000030517578,38.1500025258789,37.5,42.0400009155273
4500,863.580078125,875.2776160578478,915.599853515625,925.0,920.299927757812,915.599853515625,803.02001953125,,0.0,39.5,39.5,38.8999948964844,38.2999877929688,39.8800010681152
4510,853.580078125,865.3207637843107,911.300049828125,917.699951171875,911.300049828125,904.900146484375,,,0.0,40.1999969482422,40.1999969482422,39.5999994741211,39.0,43.5800018310547
4520,843.580078125,855.3639115107744,895.10009765625,908.199951171875,901.650025414062,895.10009765625,644.599975585938,,0.0,40.9000091552734,40.9000091552734,40.2000055776367,39.5,71.2300033569336
4525,838.580078125,850.3854853740058,891.0,903.800048828125,897.400025414062,891.0,820.47998046875,,0.0,41.1999969482422,41.1999969482422,40.5999994741211,40.0,52.7999992370605
4530,833.580078125,845.4070592372382,886.300048828125,898.900146484375,892.60009865625,886.300048828125,633.099975585938,,0.0,41.5999908447266,41.5999908447266,40.9499903188477,40.2999877929688,61.2000007629395
4540,823.580078125,835.450206963701,877.199951171875,889.89990234375,883.549927757812,877.199951171875,585.650024414062,,0.0,42.5,42.5,41.8499994741211,41.1999969482422,69.4000015258789
4550,813.580078125,825.4933546901648,869.900146484375,878.800048828125,874.35009865625,869.900146484375,773.909973144531,,0.0,43.0,43.0,42.3999948964844,41.7999877929688,43.5800018310547
4560,803.580078125,815.5365024166285,858.300048828125,871.5,864.900025414062,858.300048828125,755.960021972656,,0.0,43.7999877929688,43.7999877929688,43.0999994741211,42.4000091552734,45.2999992370605
4570,793.580078125,805.5796501430923,849.5,862.300048828125,855.900025414062,849.5,748.049987792969,,0.0,44.5999908447266,44.5999908447266,43.9499979482422,43.3000030517578,45.6000061035156
4575,788.580078125,800.6012240063237,844.5,857.5,851.000001,844.5,725.869995117188,,0.0,44.8999938964844,44.8999938964844,44.2499933706055,43.5999908447266,45.9499969482422
4580,783.580078125,795.6227978695551,839.89990234375,853.099853515625,846.499878929687,839.89990234375,700.380004882812,,0.0,45.2999877929688,45.2999877929688,44.6999903188477,44.0999908447266,76.5999984741211
4590,773.580078125,785.6659455960189,831.199951171875,844.0,837.599976585937,831.199951171875,546.080017089844,,0.0,46.1999969482422,46.1999969482422,45.5499964223633,44.8999938964844,73.4000015258789
4600,763.580078125,775.7090933224827,823.599853515625,832.89990234375,828.249878929687,823.599853515625,746.280029296875,,0.0,47.0,47.0,46.3499994741211,45.6999969482422,47.5800018310547
4610,753.580078125,765.7522410489455,812.5,825.699951171875,819.099976585937,812.5,740.580017089844,,0.0,47.8000030517578,47.8000030517578,47.1500025258789,46.5,49.5
4620,743.580078125,755.7953887754093,803.800048828125,816.39990234375,810.099976585937,803.800048828125,784.219970703125,,0.0,48.6999969482422,48.6999969482422,47.9499979482422,47.1999969482422,56.7700004577637
4625,738.580078125,750.8169626386416,799.2998046875,812.0,805.64990334375,799.2998046875,518.200012207031,,0.0,49.0999908447266,49.0999908447266,48.3499918447266,47.5999908447266,62.4000015258789
4630,733.580078125,745.838536501873,794.39990234375,807.5,800.949952171875,794.39990234375,790.650024414062,,0.0,49.5,49.5,48.7999964223633,48.0999908447266,55.7999992370605
4640,723.580078125,735.8816842283368,785.2998046875,798.39990234375,791.849854515625,785.2998046875,534.890014648438,,0.0,50.4000091552734,50.4000091552734,49.7000055776367,49.0,59.3800010681152
4650,713.580078125,725.9248319547996,780.5,785.199951171875,782.849976585937,780.5,684.909973144531,,0.0,51.3000030517578,51.3000030517578,50.6500025258789,50.0,51.5400009155273
4660,703.580078125,715.9679796812634,767.199951171875,780.2998046875,773.749878929687,767.199951171875,556.299987792969,,0.0,52.4000091552734,52.4000091552734,51.6000071035156,50.8000030517578,65.2900009155273
4670,693.580078125,706.0111274077271,758.60009765625,771.300048828125,764.950074242187,758.60009765625,737.799987792969,,0.0,53.1000061035156,53.1000061035156,52.4000025258789,51.6999969482422,64.629997253418
4675,688.580078125,701.0327012709586,766.7998046875,766.7998046875,760.249878929687,753.699951171875,792.0,,0.0,53.6000061035156,53.6000061035156,52.8500071035156,52.1000061035156,56.4500007629395
4680,683.580078125,696.05427513419,755.949952171875,762.2998046875,755.949952171875,749.60009765625,,,0.0,54.1000061035156,54.1000061035156,53.4500055776367,52.8000030517578,67.0999984741211
4690,673.580078125,686.0974228606538,740.599853515625,753.199951171875,746.89990334375,740.599853515625,510.0,,0.0,55.1000061035156,55.1000061035156,54.3499994741211,53.5999908447266,56.8400001525879
4700,663.580078125,676.1405705871175,733.199951171875,742.39990234375,737.799927757812,733.199951171875,708.320007324219,,0.0,56.1999969482422,56.1999969482422,55.5999994741211,55.0,57.2200012207031
4710,653.580078125,666.1837183135813,722.699951171875,734.800048828125,728.750001,722.699951171875,703.799987792969,,0.0,57.1000061035156,57.1000061035156,56.3499994741211,55.5999908447266,62.3600006103516
4715,648.580078125,661.2052921768127,718.199951171875,730.400146484375,724.300049828125,718.199951171875,449.459991455078,,0.0,57.5999908447266,57.5999908447266,56.8999948964844,56.1999969482422,66.0800018310547
4720,643.580078125,656.2268660400441,719.800049828125,725.900146484375,719.800049828125,713.699951171875,,,0.0,58.2999877929688,58.2999877929688,57.4999933706055,56.6999969482422,79.6999969482422
4725,638.580078125,651.2484399032764,709.300048828125,721.5,715.400025414062,709.300048828125,414.100006103516,,0.0,58.8000030517578,58.8000030517578,58.0500040517578,57.3000030517578,81.9100036621094
4730,633.580078125,646.2700137665079,704.5,717.0,710.750001,704.5,441.950012207031,,0.0,59.1999969482422,59.1999969482422,58.5499964223633,57.8999938964844,60.6000061035156
4735,628.580078125,641.2915876297393,700.400146484375,712.599853515625,706.500001,700.400146484375,545.200012207031,,0.0,59.8999938964844,59.8999938964844,59.1499948964844,58.3999938964844,64.4100036621094
4740,623.580078125,636.3131614929716,695.599853515625,708.099853515625,701.849854515625,695.599853515625,675.469970703125,,0.0,60.5,60.5,59.750001,59.0,60.9000091552734
4745,618.580078125,631.334735356203,691.199951171875,703.699951171875,697.449952171875,691.199951171875,482.700012207031,,0.0,61.0,61.0,60.1999979482422,59.3999938964844,66.4899978637695
4750,613.580078125,626.3563092194345,689.099853515625,698.0,693.549927757812,689.099853515625,599.27001953125,,0.0,61.4000091552734,61.4000091552734,60.7000055776367,60.0,61.7400016784668
4755,608.580078125,621.3778830826668,682.699951171875,694.89990234375,688.799927757812,682.699951171875,616.450012207031,,0.0,61.9000091552734,61.9000091552734,61.1500101552734,60.4000091552734,95.5
4760,603.580078125,616.3994569458982,690.39990234375,690.39990234375,684.349854515625,678.2998046875,693.630004882812,,0.0,61.0999908447266,62.6999969482422,61.8999948964844,61.0999908447266,60.75
4765,598.580078125,611.4210308091306,686.0,686.0,679.950074242187,673.900146484375,688.950012207031,,0.0,63.1999969482422,63.1999969482422,62.4499979482422,61.6999969482422,86.8000030517578
4770,593.580078125,606.442604672362,669.199951171875,681.599853515625,675.39990334375,669.199951171875,409.029998779297,,0.0,63.8000030517578,63.8000030517578,62.9499979482422,62.0999908447266,93.4000015258789
4775,588.580078125,601.4641785355934,677.199951171875,677.199951171875,671.150025414062,665.10009765625,704.0,,0.0,64.1999969482422,64.1999969482422,63.4499979482422,62.6999969482422,71.120002746582
4780,583.580078125,596.4857523988258,660.699951171875,672.800048828125,666.750001,660.699951171875,595.510009765625,,0.0,64.8000030517578,64.8000030517578,64.000001,63.1999969482422,94.9899978637695
4785,578.580078125,591.5073262620572,656.300048828125,668.5,662.400025414062,656.300048828125,563.950012207031,,0.0,65.6999969482422,65.6999969482422,64.9000025258789,64.1000061035156,106.650001525879
4790,573.580078125,586.5289001252886,651.900146484375,664.10009765625,658.000123070312,651.900146484375,401.399993896484,,0.0,66.0,66.0,65.1999979482422,64.3999938964844,138.919998168945
4795,568.580078125,581.5504739885209,647.2998046875,659.699951171875,653.499878929687,647.2998046875,369.450012207031,,0.0,66.6000061035156,66.6000061035156,65.8499994741211,65.0999908447266,121.5
4800,563.580078125,576.5720478517524,644.7998046875,654.0,649.39990334375,644.7998046875,592.809997558594,,0.0,67.1999969482422,67.1999969482422,66.3999948964844,65.5999908447266,68.629997253418
4805,558.580078125,571.5936217149838,638.800048828125,651.0,644.900025414062,638.800048828125,508.290008544922,,0.0,67.8000030517578,67.8000030517578,67.0500040517578,66.3000030517578,125.330001831055
4810,553.580078125,566.6151955782161,634.10009765625,646.60009765625,640.35009865625,634.10009765625,623.179992675781,,0.0,68.6999969482422,68.6999969482422,67.9000025258789,67.1000061035156,75.0800018310547
4815,548.580078125,561.6367694414475,630.099853515625,642.2998046875,636.199830101562,630.099853515625,451.799987792969,,0.0,69.1000061035156,69.1000061035156,68.3000040517578,67.5,76.9000015258789
4820,543.580078125,556.658343304679,625.5,637.89990234375,631.699952171875,625.5,447.799987792969,,0.0,70.1000061035156,70.1000061035156,69.250001,68.3999938964844,75.4000015258789
4825,538.580078125,551.6799171679113,621.099853515625,633.599853515625,627.349854515625,621.099853515625,396.350006103516,,0.0,70.6000061035156,70.6000061035156,69.7000055776367,68.8000030517578,76.6999969482422
4830,533.580078125,546.7014910311427,616.89990234375,629.2998046875,623.099854515625,616.89990234375,396.779998779297,,0.0,71.0,71.0,70.250001,69.5,100.699996948242
4835,528.580078125,541.723064894375,612.5,624.89990234375,618.699952171875,612.5,612.0,,0.0,71.6999969482422,71.6999969482422,70.9000025258789,70.1000061035156,78.7300033569336
4840,523.580078125,536.7446387576065,608.5,620.599853515625,614.549927757812,608.5,498.779998779297,,0.0,72.4000091552734,72.4000091552734,71.6500101552734,70.9000091552734,81.8199996948242
4845,518.580078125,531.7662126208379,604.199951171875,616.2998046875,610.249878929687,604.199951171875,382.049987792969,,0.0,73.0999908447266,73.0999908447266,72.2999964223633,71.5,110.699996948242
4850,513.580078125,526.7877864840702,601.5,610.699951171875,606.099976585937,601.5,515.380004882812,,0.0,73.6999969482422,73.6999969482422,72.9499979482422,72.1999969482422,75.1399993896484
4855,508.580078125,521.8093603473017,595.599853515625,607.699951171875,601.64990334375,595.599853515625,467.679992675781,,0.0,72.8000030517578,74.3999938964844,73.5999994741211,72.8000030517578,60.7999992370605
4860,503.580078125,516.8309342105331,591.0,603.39990234375,597.199952171875,591.0,535.700012207031,,0.0,75.0999908447266,75.0999908447266,74.2999964223633,73.5,113.300003051758
4865,498.580078125,511.8525080737654,587.0,599.099853515625,593.049927757812,587.0,368.470001220703,,0.0,75.8000030517578,75.8000030517578,75.000001,74.1999969482422,113.300003051758
4870,493.580078125,506.8740819369968,582.699951171875,594.89990234375,588.799927757812,582.699951171875,487.899993896484,,0.0,76.5,76.5,75.6999979482422,74.8999938964844,113.900001525879
4875,488.580078125,501.8956558002282,578.5,591.199951171875,584.849976585937,578.5,528.119995117188,,0.0,77.1999969482422,77.1999969482422,76.3999948964844,75.5999908447266,88.5800018310547
4880,483.580078125,496.9172296634606,573.89990234375,586.2998046875,580.099854515625,573.89990234375,485.160003662109,,0.0,77.8999938964844,77.8999938964844,77.0999994741211,76.3000030517578,85.0299987792969
4885,478.580078125,491.938803526692,569.699951171875,582.599853515625,576.14990334375,569.699951171875,558.099975585938,,0.0,78.8000030517578,78.8000030517578,78.000001,77.1999969482422,85.9599990844727
4890,473.580078125,486.96037738992345,565.699951171875,577.7998046875,571.749878929687,565.699951171875,550.799987792969,,0.0,79.3999938964844,79.3999938964844,78.5999994741211,77.8000030517578,86.6100006103516
4895,468.580078125,481.9819512531558,561.199951171875,573.599853515625,567.39990334375,561.199951171875,489.799987792969,,0.0,80.0999908447266,80.0999908447266,79.2999964223633,78.5,87.25
4900,463.580078125,477.0035251163872,559.199951171875,568.0,563.599976585937,559.199951171875,552.119995117188,,0.0,80.9000091552734,80.9000091552734,80.1000071035156,79.3000030517578,81.5
4905,458.580078125,472.02509897961954,553.0,565.10009765625,559.050049828125,553.0,368.640014648438,,0.0,81.6999969482422,81.6999969482422,80.8499994741211,80.0,88.9000015258789
4910,453.580078125,467.04667284285097,560.89990234375,560.89990234375,554.849854515625,548.7998046875,632.27001953125,,0.0,82.6000061035156,82.6000061035156,81.8000040517578,81.0,109.610000610352
4915,448.580078125,462.0682467060824,544.39990234375,556.699951171875,550.549927757812,544.39990234375,474.299987792969,,0.0,83.1999969482422,83.1999969482422,82.3499994741211,81.5,92.8099975585938
4920,443.580078125,457.0898205693147,540.199951171875,552.5,546.349976585937,540.199951171875,321.179992675781,,0.0,84.0,84.0,83.1500025258789,82.3000030517578,113.01000213623
4925,438.580078125,452.11139443254615,540.0,544.39990234375,542.199952171875,540.0,521.010009765625,,0.0,84.6999969482422,84.6999969482422,83.8999948964844,83.0999908447266,91.129997253418
4930,433.580078125,447.1329682957776,531.7998046875,544.699951171875,538.249878929687,531.7998046875,468.589996337891,,0.0,85.6000061035156,85.6000061035156,84.750001,83.8999938964844,92.370002746582
4935,428.580078125,442.1545421590099,527.60009765625,540.5,534.050049828125,527.60009765625,328.5,,0.0,86.4000091552734,86.4000091552734,85.5500040517578,84.6999969482422,134.100006103516
4940,423.580078125,437.1761160222414,523.699951171875,535.7998046875,529.749878929687,523.699951171875,498.5,,0.0,87.1999969482422,87.1999969482422,86.3499994741211,85.5,93.4000015258789
4945,418.580078125,432.1976898854728,519.2998046875,532.099853515625,525.699830101562,519.2998046875,311.260009765625,,0.0,86.3000030517578,88.0,87.1500025258789,86.3000030517578,77.8000030517578
4950,413.580078125,427.2192637487051,517.0,526.099853515625,521.549927757812,517.0,430.920013427734,,0.0,88.9000091552734,88.9000091552734,88.000001,87.0999908447266,95.7699966430664
4955,408.580078125,422.2408376119365,511.0,523.7998046875,517.39990334375,511.0,260.0,,0.0,88.0,89.6999969482422,88.8499994741211,88.0,60.5299987792969
4960,403.580078125,417.26241147516794,507.099853515625,519.699951171875,513.39990334375,507.099853515625,312.200012207031,,0.0,90.5,90.5,89.6500025258789,88.8000030517578,137.020004272461
4965,398.580078125,412.2839853384002,502.800048828125,514.199951171875,508.500001,502.800048828125,496.510009765625,,0.0,91.4000091552734,91.4000091552734,90.500001,89.5999908447266,102.76000213623
4970,393.580078125,407.3055592016317,498.699951171875,510.099853515625,504.39990334375,498.699951171875,437.890014648438,,0.0,90.5,92.1999969482422,91.3499994741211,90.5,89.9100036621094
4975,388.580078125,402.327133064864,494.699951171875,506.0,500.349976585937,494.699951171875,433.329986572266,,0.0,93.1000061035156,93.1000061035156,92.3000040517578,91.5,95.3199996948242
4980,383.580078125,397.34870692809545,490.599853515625,501.89990234375,496.249878929687,490.599853515625,488.200012207031,,0.0,94.0,94.0,93.0999994741211,92.1999969482422,144.610000610352
4985,378.580078125,392.3702807913269,486.39990234375,497.800048828125,492.099976585937,486.39990234375,449.5,,0.0,94.9000091552734,94.9000091552734,94.0000086293945,93.1000061035156,139.410003662109
4990,373.580078125,387.3918546545592,482.300048828125,493.699951171875,488.000001,482.300048828125,269.0,,0.0,95.9000091552734,95.9000091552734,94.9500055776367,94.0,112.699996948242
4995,368.580078125,382.41342851779063,485.690002441406,489.599853515625,483.89990334375,478.199951171875,485.690002441406,,0.0,96.8000030517578,96.8000030517578,95.8500071035156,94.9000091552734,128.020004272461
5000,363.580078125,377.43500238102206,481.839996337891,482.39990234375,480.499878929687,478.599853515625,481.839996337891,,0.0,97.6000061035156,97.6000061035156,96.7500086293945,95.9000091552734,99.2799987792969
5005,358.580078125,372.4565762442544,481.5,481.5,475.849976585937,470.199951171875,547.77001953125,,0.0,97.1999969482422,98.5,97.6500025258789,96.8000030517578,97.1999969482422
5010,353.580078125,367.4781501074858,466.199951171875,477.5,471.849976585937,466.199951171875,408.070007324219,,0.0,99.5,99.5,98.5999994741211,97.6999969482422,139.559997558594
5015,348.580078125,362.4997239707173,462.099853515625,473.39990234375,467.749878929687,462.099853515625,399.700012207031,,0.0,98.6000061035156,100.400009155273,99.5000086293945,98.6000061035156,76.0
5020,343.580078125,357.5212978339496,458.0,469.39990234375,463.699952171875,458.0,375.399993896484,,0.0,101.399993896484,101.399993896484,100.399994896484,99.3999938964844,120.819999694824
5025,338.580078125,352.542871697181,454.0,465.39990234375,459.699952171875,454.0,371.700012207031,,0.0,102.300003051758,102.300003051758,101.400002525879,100.5,112.25
5030,333.580078125,347.5644455604124,461.39990234375,461.39990234375,455.699952171875,450.0,492.200012207031,,0.0,103.199996948242,103.199996948242,102.250001,101.300003051758,192.559997558594
5035,328.580078125,342.58601942364476,446.099853515625,457.39990234375,451.749878929687,446.099853515625,364.399993896484,,0.0,102.5,104.199996948242,103.349999474121,102.5,86.5
5040,323.580078125,337.6075932868762,442.0,453.39990234375,447.699952171875,442.0,372.829986572266,,0.0,105.199996948242,105.199996948242,104.250001,103.300003051758,117.199996948242
5045,318.580078125,332.6291671501085,438.0,449.39990234375,443.699952171875,438.0,384.100006103516,,0.0,104.300003051758,106.199996948242,105.250001,104.300003051758,86.9899978637695
5050,313.580078125,327.65074101333994,438.39990234375,442.10009765625,440.250001,438.39990234375,438.339996337891,,0.0,107.199996948242,107.199996948242,106.300004051758,105.400009155273,108.059997558594
5055,308.580078125,322.67231487657136,430.099853515625,441.39990234375,435.749878929687,430.099853515625,370.200012207031,,0.0,108.300003051758,108.300003051758,107.400002525879,106.5,138.399993896484
5060,303.580078125,317.6938887398037,426.099853515625,437.5,431.799927757812,426.099853515625,383.600006103516,,0.0,109.199996948242,109.199996948242,108.349999474121,107.5,165.899993896484
5065,298.580078125,312.7154626030351,422.2998046875,433.5,427.89990334375,422.2998046875,366.799987792969,,0.0,108.5,110.300003051758,109.400002525879,108.5,90.8000030517578
5070,293.580078125,307.73703646626655,418.2998046875,429.599853515625,423.949830101562,418.2998046875,373.299987792969,,0.0,111.599990844727,111.599990844727,110.699997948242,109.800003051758,125.5
5075,288.580078125,302.7586103294989,425.699951171875,425.699951171875,419.999878929687,414.2998046875,478.339996337891,,0.0,112.400009155273,112.400009155273,111.400002525879,110.399993896484,163.369995117188
5080,283.580078125,297.7801841927303,410.5,421.800048828125,416.150025414062,410.5,354.200012207031,,0.0,113.399993896484,113.399993896484,112.549996422363,111.699996948242,170.300003051758
5085,278.580078125,292.8017580559617,411.199951171875,414.60009765625,412.900025414062,411.199951171875,350.600006103516,,0.0,114.5,114.5,113.700005577637,112.900009155273,199.429992675781
5090,273.580078125,287.82333191919406,407.2998046875,410.5,408.89990334375,407.2998046875,390.010009765625,,0.0,115.600006103516,115.600006103516,114.650002525879,113.699996948242,155.0
5095,268.580078125,282.8449057824255,402.60009765625,405.89990234375,404.250001,402.60009765625,386.309997558594,,0.0,116.699996948242,116.699996948242,115.699997948242,114.699996948242,177.029998779297
5100,263.580078125,277.8664796456569,399.300048828125,402.699951171875,401.000001,399.300048828125,392.100006103516,,0.0,117.660003662109,117.800003051758,116.800004051758,115.800003051758,117.660003662109
5105,258.580078125,272.88805350888924,395.39990234375,399.0,397.199952171875,395.39990234375,350.429992675781,,0.0,119.199996948242,119.199996948242,118.250001,117.300003051758,150.100006103516
5110,253.580078125,267.90962737212067,391.0,394.300048828125,392.650025414062,391.0,346.760009765625,,0.0,120.0,120.0,119.000001,118.0,181.679992675781
5115,248.580078125,262.931201235353,387.199951171875,390.800048828125,389.000001,387.199951171875,341.510009765625,,0.0,121.199996948242,121.199996948242,120.199997948242,119.199996948242,167.800003051758
5120,243.580078125,257.9527750985844,384.10009765625,387.599853515625,385.849976585937,384.10009765625,345.0,,0.0,122.300003051758,122.300003051758,121.300004051758,120.300003051758,136.570007324219
5125,238.580078125,252.97434896181585,380.300048828125,383.699951171875,382.000001,380.300048828125,368.700012207031,,0.0,123.5,123.5,122.599999474121,121.699996948242,171.949996948242
5130,233.580078125,247.99592282504815,379.89990234375,379.89990234375,378.199952171875,376.5,381.790008544922,,0.0,124.899993896484,124.899993896484,123.849999474121,122.800003051758,130.529998779297
5135,228.580078125,243.0174966882796,372.699951171875,376.10009765625,374.400025414062,372.699951171875,345.5,,0.0,125.900009155273,125.900009155273,124.850007103516,123.800003051758,139.259994506836
5140,223.580078125,238.03907055151103,368.89990234375,372.300048828125,370.599976585937,368.89990234375,277.570007324219,,0.0,127.0,127.0,126.000001,125.0,144.100006103516
5145,218.580078125,233.06064441474336,365.10009765625,368.599853515625,366.849976585937,365.10009765625,355.0,,0.0,128.199996948242,128.199996948242,127.199997948242,126.199996948242,176.300003051758
5150,213.580078125,228.0822182779748,361.199951171875,364.7998046875,362.999878929687,361.199951171875,351.350006103516,,0.0,129.5,129.5,128.549996422363,127.599990844727,132.759994506836
5155,208.580078125,223.1037921412062,357.60009765625,361.0,359.300049828125,357.60009765625,300.100006103516,,0.0,130.600006103516,130.600006103516,129.700005577637,128.800003051758,178.399993896484
5160,203.580078125,218.12536600443855,353.5,357.300048828125,355.400025414062,353.5,335.510009765625,,0.0,131.899993896484,131.899993896484,130.899994896484,129.899993896484,145.960006713867
5165,198.580078125,213.14693986766997,350.099853515625,353.599853515625,351.849854515625,350.099853515625,343.600006103516,,0.0,133.100006103516,133.100006103516,132.150002525879,131.199996948242,173.240005493164
5170,193.580078125,208.1685137309014,345.800048828125,349.10009765625,347.450074242187,345.800048828125,169.0,,0.0,134.399993896484,134.399993896484,133.500001,132.600006103516,168.5
5175,188.580078125,203.19008759413373,342.099853515625,345.39990234375,343.749878929687,342.099853515625,305.200012207031,,0.0,135.699996948242,135.699996948242,134.699997948242,133.699996948242,138.630004882812
5180,183.580078125,198.21166145736515,338.39990234375,341.800048828125,340.099976585937,338.39990234375,268.299987792969,,0.0,137.0,137.0,135.900002525879,134.800003051758,147.399993896484
5185,178.580078125,193.2332353205975,335.2998046875,338.699951171875,336.999878929687,335.2998046875,249.300003051758,,0.0,138.300003051758,138.300003051758,137.200005577637,136.100006103516,155.600006103516
5190,173.580078125,188.2548091838289,331.60009765625,334.89990234375,333.250001,331.60009765625,330.100006103516,,0.0,139.5,139.5,138.500001,137.5,181.029998779297
5195,168.580078125,183.2763830470603,329.100006103516,330.800048828125,329.099976585937,327.39990234375,329.100006103516,,0.0,140.899993896484,140.899993896484,139.899994896484,138.899993896484,176.229995727539
5200,163.580078125,178.29795691029267,324.2998046875,327.699951171875,325.999878929687,324.2998046875,319.869995117188,,0.0,142.199996948242,142.199996948242,141.250001,140.300003051758,145.339996337891
5205,158.580078125,173.3195307735241,320.39990234375,324.199951171875,322.299927757812,320.39990234375,237.399993896484,,0.0,143.600006103516,143.600006103516,142.650002525879,141.699996948242,179.399993896484
5210,153.580078125,168.34110463675552,319.739990234375,319.89990234375,318.199952171875,316.5,319.739990234375,,0.0,145.0,145.0,144.050004051758,143.100006103516,145.479995727539
5215,148.580078125,163.36267849998785,313.199951171875,316.5,314.849976585937,313.199951171875,261.600006103516,,0.0,146.300003051758,146.300003051758,145.300004051758,144.300003051758,162.729995727539
5220,143.580078125,158.38425236321928,309.60009765625,312.800048828125,311.200074242187,309.60009765625,303.839996337891,,0.0,147.699996948242,147.699996948242,146.699997948242,145.699996948242,158.679992675781
5225,138.580078125,153.4058262264507,307.10009765625,309.0,308.050049828125,307.10009765625,290.559997558594,,0.0,149.300003051758,149.300003051758,148.349999474121,147.399993896484,151.919998168945
5230,133.580078125,148.42740008968303,303.60009765625,305.800048828125,304.700074242187,303.60009765625,254.550003051758,,0.0,150.699996948242,150.699996948242,149.750001,148.800003051758,160.600006103516
5235,128.580078125,143.44897395291446,300.0,302.300048828125,301.150025414062,300.0,243.399993896484,,0.0,151.899993896484,151.899993896484,150.849999474121,149.800003051758,199.699996948242
5240,123.580078125,138.47054781614588,296.5,298.699951171875,297.599976585937,296.5,233.529998779297,,0.0,153.399993896484,153.399993896484,152.449997948242,151.5,199.399993896484
5245,118.580078125,133.49212167937822,292.5,294.699951171875,293.599976585937,292.5,245.350006103516,,0.0,155.100006103516,155.100006103516,154.100007103516,153.100006103516,192.600006103516
5250,113.580078125,128.51369554260964,291.300048828125,291.300048828125,290.250001,289.199951171875,292.100006103516,,0.0,156.300003051758,156.300003051758,155.400002525879,154.5,158.199996948242
5255,108.580078125,123.53526940584196,285.89990234375,287.89990234375,286.89990334375,285.89990234375,265.890014648438,,0.0,158.0,158.0,156.849999474121,155.699996948242,209.470001220703
5260,103.580078125,118.5568432690734,282.39990234375,284.699951171875,283.549927757812,282.39990234375,273.200012207031,,0.0,159.600006103516,159.600006103516,158.450005577637,157.300003051758,173.940002441406
5265,98.580078125,113.57841713230482,278.300048828125,280.60009765625,279.450074242187,278.300048828125,222.399993896484,,0.0,160.800003051758,160.800003051758,159.750001,158.699996948242,198.550003051758
5270,93.580078125,108.59999099553715,276.720001220703,277.699951171875,276.599976585937,275.5,276.720001220703,,0.0,162.399993896484,162.399993896484,161.449997948242,160.5,175.300003051758
5275,88.580078125,103.62156485876858,272.0,274.39990234375,273.199952171875,272.0,250.830001831055,,0.0,164.199996948242,164.199996948242,163.250001,162.300003051758,172.300003051758
5280,83.580078125,98.643138722,268.60009765625,270.60009765625,269.60009865625,268.60009765625,262.420013427734,,0.0,165.800003051758,165.800003051758,164.800004051758,163.800003051758,171.5
5285,78.580078125,93.66471258523234,266.470001220703,267.39990234375,266.299927757812,265.199951171875,266.470001220703,,0.0,167.100006103516,167.100006103516,166.150002525879,165.199996948242,172.899993896484
5290,73.580078125,88.68628644846376,261.7998046875,264.0,262.89990334375,261.7998046875,227.100006103516,,0.0,168.600006103516,168.600006103516,167.700005577637,166.800003051758,214.199996948242
5295,68.580078125,83.70786031169519,258.39990234375,260.300048828125,259.349976585937,258.39990234375,236.0,,0.0,170.0,170.0,168.949997948242,167.899993896484,180.699996948242
5300,63.580078125,78.72943417492752,255.0,257.0,256.000001,255.0,250.679992675781,,0.0,171.699996948242,171.699996948242,170.750001,169.800003051758,180.509994506836
5305,58.580078125,73.75100803815894,251.699996948242,253.699996948242,252.699997948242,251.699996948242,234.300003051758,,0.0,173.300003051758,173.300003051758,172.300004051758,171.300003051758,246.729995727539
5310,53.580078125,68.77258190139037,248.300003051758,250.199996948242,249.250001,248.300003051758,219.300003051758,,0.0,174.899993896484,174.899993896484,173.799996422363,172.699996948242,177.399993896484
5315,48.580078125,63.7941557646227,244.300003051758,246.600006103516,245.450005577637,244.300003051758,200.899993896484,,0.0,176.699996948242,176.699996948242,175.699997948242,174.699996948242,250.880004882812
5320,43.580078125,58.815729627854125,241.199996948242,243.199996948242,242.199997948242,241.199996948242,229.270004272461,,0.0,178.699996948242,178.699996948242,177.699997948242,176.699996948242,194.800003051758
5325,38.580078125,53.83730349108646,238.199996948242,240.199996948242,239.199997948242,238.199996948242,234.179992675781,,0.0,179.899993896484,179.899993896484,178.799996422363,177.699996948242,184.899993896484
5330,33.580078125,48.85887735431788,234.5,236.600006103516,235.550004051758,234.5,214.5,,0.0,181.600006103516,181.600006103516,180.650002525879,179.699996948242,208.779998779297
5335,28.580078125,43.88045121754931,231.5,233.5,232.500001,231.5,231.100006103516,,0.0,183.399993896484,183.399993896484,182.399994896484,181.399993896484,184.600006103516
5340,23.580078125,38.90202508078164,228.600006103516,230.5,229.550004051758,228.600006103516,228.179992675781,,0.0,185.5,185.5,184.449997948242,183.399993896484,215.669998168945
5345,18.580078125,33.923598944013065,226.899993896484,226.899993896484,225.849999474121,224.800003051758,228.699996948242,,0.0,187.100006103516,187.100006103516,186.150002525879,185.199996948242,188.899993896484
5350,13.580078125,28.94517280724449,222.100006103516,224.100006103516,223.100007103516,222.100006103516,213.330001831055,,0.0,188.119995117188,188.600006103516,187.800004051758,187.0,188.119995117188
5355,8.580078125,23.966746670476823,218.899993896484,220.199996948242,219.549996422363,218.899993896484,218.600006103516,,0.0,190.399993896484,190.399993896484,189.599999474121,188.800003051758,202.399993896484
5360,3.580078125,18.988320533708247,215.300003051758,217.300003051758,216.300004051758,215.300003051758,215.199996948242,,0.0,192.199996948242,192.199996948242,191.400002525879,190.600006103516,197.0
5365,,14.009894396939671,214.419998168945,214.699996948242,213.650002525879,212.600006103516,214.419998168945,1.419921875,0.0,194.0,194.0,193.199997948242,192.399993896484,208.100006103516
5370,,9.031468260172003,211.5,211.5,210.449997948242,209.399993896484,214.699996948242,6.419921875,0.0,196.199996948242,196.199996948242,195.099999474121,194.0,219.009994506836
5375,,4.053042123403429,206.0,208.100006103516,207.050004051758,206.0,193.820007324219,11.419921875,0.0,198.100006103516,198.100006103516,197.050004051758,196.0,218.300003051758
5380,,-0.9253840133651464,203.300003051758,205.5,204.400002525879,203.300003051758,196.679992675781,16.419921875,0.0,200.399993896484,200.399993896484,198.799996422363,197.199996948242,215.100006103516
5385,,-5.903810150132813,200.729995727539,202.399993896484,201.299996422363,200.199996948242,200.729995727539,21.419921875,0.0,201.699996948242,201.699996948242,200.400002525879,199.100006103516,216.130004882812
5390,,0.0,197.100006103516,199.300003051758,198.200005577637,197.100006103516,196.0,26.419921875,10.882236286901389,203.899993896484,203.899993896484,202.449997948242,201.0,240.0
5395,,0.0,194.0,196.199996948242,195.099999474121,194.0,161.699996948242,31.419921875,15.860662423669057,206.100006103516,206.100006103516,204.650002525879,203.199996948242,240.600006103516
5400,,0.0,191.850006103516,192.899993896484,191.949997948242,191.0,191.850006103516,36.419921875,20.83908856043763,208.0,208.0,206.449997948242,204.899993896484,219.899993896484
5405,,0.0,188.5,190.199996948242,189.099999474121,188.0,188.5,41.419921875,25.817514697206207,209.800003051758,209.800003051758,208.300004051758,206.800003051758,210.449996948242
5410,,0.0,185.0,186.899993896484,185.949997948242,185.0,147.080001831055,46.419921875,30.795940833973873,212.0,212.0,210.550004051758,209.100006103516,316.700012207031
5415,,0.0,181.899993896484,184.0,182.949997948242,181.899993896484,179.399993896484,51.419921875,35.77436697074245,214.0,214.0,212.550004051758,211.100006103516,250.149993896484
5420,,0.0,180.0,181.100006103516,180.050004051758,179.0,180.0,56.419921875,40.752793107511025,216.0,216.0,214.400002525879,212.800003051758,253.020004272461
5425,,0.0,176.0,178.0,177.000001,176.0,175.100006103516,61.419921875,45.73121924427869,218.0,218.0,216.449997948242,214.899993896484,231.550003051758
5430,,0.0,173.100006103516,175.199996948242,174.150002525879,173.100006103516,172.600006103516,66.419921875,50.70964538104727,219.899993896484,219.899993896484,218.399994896484,216.899993896484,248.759994506836
5435,,0.0,172.300003051758,172.300003051758,171.250001,170.199996948242,173.600006103516,71.419921875,55.68807151781584,222.199996948242,222.199996948242,220.699997948242,219.199996948242,265.130004882812
5440,,0.0,167.300003051758,169.300003051758,168.300004051758,167.300003051758,165.699996948242,76.419921875,60.66649765458351,224.300003051758,224.300003051758,222.800004051758,221.300003051758,291.700012207031
5445,,0.0,166.5,166.5,165.400002525879,164.300003051758,166.699996948242,81.419921875,65.64492379135208,226.399993896484,226.399993896484,225.000001,223.600006103516,231.699996948242
5450,,0.0,163.600006103516,163.600006103516,162.600007103516,161.600006103516,163.899993896484,86.419921875,70.62334992812066,228.399993896484,228.399993896484,227.049996422363,225.699996948242,270.0
5455,,0.0,158.800003051758,161.0,159.900002525879,158.800003051758,157.399993896484,91.419921875,75.60177606488833,230.699996948242,230.699996948242,229.099999474121,227.5,240.899993896484
5460,,0.0,157.25,158.199996948242,157.099999474121,156.0,157.25,96.419921875,80.5802022016569,232.899993896484,232.899993896484,231.500001,230.100006103516,233.259994506836
5465,,0.0,153.199996948242,155.199996948242,154.199997948242,153.199996948242,152.509994506836,101.419921875,85.55862833842457,235.100006103516,235.100006103516,233.600007103516,232.100006103516,235.460006713867
5470,,0.0,150.5,152.399993896484,151.449997948242,150.5,150.199996948242,106.419921875,90.53705447519314,236.600006103516,236.600006103516,235.350007103516,234.100006103516,312.269989013672
5475,,0.0,149.699996948242,149.699996948242,148.750001,147.800003051758,150.0,111.419921875,95.51548061196172,239.5,239.5,238.050004051758,236.600006103516,243.320007324219
5480,,0.0,145.0,147.300003051758,146.150002525879,145.0,121.26000213623,116.419921875,100.4939067487294,240.520004272461,241.699996948242,240.349999474121,239.0,240.520004272461
5485,,0.0,142.399993896484,144.300003051758,143.349999474121,142.399993896484,134.059997558594,121.419921875,105.47233288549796,243.399993896484,243.399993896484,242.149994896484,240.899993896484,314.190002441406
5490,,0.0,140.550003051758,141.899993896484,140.799996422363,139.699996948242,140.550003051758,126.419921875,110.45075902226654,246.300003051758,246.300003051758,244.950005577637,243.600006103516,268.269989013672
5495,,0.0,137.100006103516,139.100006103516,138.100007103516,137.100006103516,125.279998779297,131.419921875,115.4291851590342,248.899993896484,248.899993896484,247.349999474121,245.800003051758,321.829986572266
5500,,0.0,134.649993896484,136.399993896484,135.449997948242,134.5,134.649993896484,136.419921875,120.40761129580278,250.899993896484,250.899993896484,249.599999474121,248.300003051758,259.209991455078
5505,,0.0,133.149993896484,134.0,132.949997948242,131.899993896484,133.149993896484,141.419921875,125.38603743257136,253.600006103516,253.600006103516,252.150002525879,250.699996948242,310.0
5510,,0.0,129.300003051758,131.300003051758,130.300004051758,129.300003051758,122.980003356934,146.419921875,130.36446356933902,255.600006103516,255.600006103516,254.150002525879,252.699996948242,272.049987792969
5515,,0.0,128.699996948242,128.699996948242,127.750001,126.800003051758,129.199996948242,151.419921875,135.3428897061076,258.0,258.0,256.699997948242,255.399993896484,341.079986572266
5520,,0.0,124.199996948242,126.400009155273,125.300004051758,124.199996948242,114.300003051758,156.419921875,140.32131584287615,260.800048828125,260.800048828125,259.200074242187,257.60009765625,277.049987792969
5525,,0.0,121.800003051758,123.899993896484,122.849999474121,121.800003051758,112.099998474121,161.419921875,145.29974197964384,263.60009765625,263.60009765625,261.950074242187,260.300048828125,310.510009765625
5530,,0.0,121.400009155273,121.400009155273,120.350007103516,119.300003051758,124.0,166.419921875,150.27816811641242,265.800048828125,265.800048828125,264.300049828125,262.800048828125,275.869995117188
5535,,0.0,116.800003051758,118.800003051758,117.800004051758,116.800003051758,113.720001220703,171.419921875,155.25659425318008,268.10009765625,268.10009765625,266.800049828125,265.5,546.599975585938
5540,,0.0,114.399993896484,116.399993896484,115.399994896484,114.399993896484,108.400001525879,176.419921875,160.23502038994866,270.89990234375,270.89990234375,269.39990334375,267.89990234375,281.070007324219
5545,,0.0,112.0,114.0,113.000001,112.0,90.1100006103516,181.419921875,165.21344652671723,273.39990234375,273.39990234375,271.299927757812,269.199951171875,328.420013427734
5550,,0.0,109.599990844727,111.699996948242,110.649994896484,109.599990844727,108.100006103516,186.419921875,170.1918726634849,276.0,276.0,273.900025414062,271.800048828125,296.089996337891
5555,,0.0,107.300003051758,109.199996948242,108.250001,107.300003051758,80.75,191.419921875,175.17029880025348,278.60009765625,278.60009765625,277.050049828125,275.5,301.850006103516
5560,,0.0,105.0,106.899993896484,105.949997948242,105.0,83.5599975585938,196.419921875,180.14872493702205,281.179931640625,281.39990234375,279.299927757812,277.199951171875,281.179931640625
5565,,0.0,102.699996948242,104.600006103516,103.650002525879,102.699996948242,82.1100006103516,201.419921875,185.12715107378972,281.199951171875,283.699951171875,282.449952171875,281.199951171875,262.799987792969
5570,,0.0,101.580001831055,102.5,101.449997948242,100.399993896484,101.580001831055,206.419921875,190.1055772105583,286.300048828125,286.300048828125,285.050049828125,283.800048828125,324.790008544922
5575,,0.0,98.1999969482422,100.199996948242,99.1999979482422,98.1999969482422,96.6999969482422,211.419921875,195.08400334732687,286.5,289.39990234375,287.949952171875,286.5,205.160003662109
5580,,0.0,97.5299987792969,97.8999938964844,96.9499979482422,96.0,97.5299987792969,216.419921875,200.06242948409457,292.130126953125,292.699951171875,290.500001,288.300048828125,292.130126953125
5585,,0.0,93.8000030517578,95.6999969482422,94.750001,93.8000030517578,84.7699966430664,221.419921875,205.0408556208631,294.5,294.5,292.750001,291.0,315.760009765625
5590,,0.0,92.1800003051758,93.5,92.5499964223633,91.5999908447266,92.1800003051758,226.419921875,210.0192817576317,294.89990234375,297.60009765625,296.250001,294.89990234375,287.399993896484
5595,,0.0,89.5,91.3000030517578,90.4000025258789,89.5,89.0,231.419921875,214.99770789439935,300.39990234375,300.39990234375,299.099854515625,297.7998046875,321.75
5600,,0.0,88.1000061035156,89.1000061035156,88.2500086293945,87.4000091552734,88.1000061035156,236.419921875,219.97613403116793,303.719970703125,304.5,302.349976585937,300.199951171875,303.719970703125
5605,,0.0,85.1000061035156,86.8999938964844,86.000001,85.1000061035156,80.879997253418,241.419921875,224.9545601679356,299.39990234375,312.199951171875,305.799927757812,299.39990234375,296.230010986328
5610,,0.0,83.1999969482422,85.0,84.0999994741211,83.1999969482422,62.8800010681152,246.419921875,229.93298630470417,310.540008544922,315.10009765625,308.700074242187,302.300048828125,310.540008544922
5615,,0.0,81.1999969482422,83.1000061035156,82.1500025258789,81.1999969482422,75.6999969482422,251.419921875,234.91141244147275,318.099853515625,318.099853515625,311.699830101562,305.2998046875,333.529998779297
5620,,0.0,79.1999969482422,81.1999969482422,80.1999979482422,79.1999969482422,73.7799987792969,256.419921875,239.8898385782404,321.599853515625,321.599853515625,314.949830101562,308.2998046875,369.279998779297
5625,,0.0,77.5999984741211,79.1000061035156,78.1500025258789,77.1999969482422,77.5999984741211,261.419921875,244.868264715009,319.39990234375,319.39990234375,317.199952171875,315.0,371.440002441406
5630,,0.0,75.3000030517578,77.1000061035156,76.2000055776367,75.3000030517578,55.0999984741211,266.419921875,249.84669085177757,322.39990234375,322.39990234375,320.199952171875,318.0,432.179992675781
5635,,0.0,73.3999938964844,75.3000030517578,74.3499994741211,73.3999938964844,55.0999984741211,271.419921875,254.82511698854523,317.0,330.5,323.750001,317.0,295.100006103516
5640,,0.0,71.5,73.3999938964844,72.4499979482422,71.5,55.3899993896484,276.419921875,259.8035431253138,328.60009765625,328.60009765625,326.400025414062,324.199951171875,385.089996337891
5645,,0.0,69.6000061035156,71.5,70.5500040517578,69.6000061035156,50.7999992370605,281.419921875,264.7819692620824,336.300048828125,336.300048828125,329.950074242187,323.60009765625,366.489990234375
5650,,0.0,68.6000061035156,69.6999969482422,68.750001,67.8000030517578,68.6000061035156,286.419921875,269.76039539885005,334.64990234375,334.89990234375,332.699952171875,330.5,334.64990234375
5655,,0.0,68.0,68.0,67.000001,66.0,69.5999984741211,291.419921875,274.7388215356186,329.89990234375,343.199951171875,336.549927757812,329.89990234375,260.890014648438
5660,,0.0,64.1000061035156,65.8999938964844,65.000001,64.1000061035156,47.2099990844727,296.419921875,279.7172476723872,345.89990234375,345.89990234375,339.500001,333.10009765625,417.769989013672
5665,,0.0,62.5,64.3000030517578,63.4000025258789,62.5,61.9000015258789,301.419921875,284.69567380915487,350.0,350.0,343.000001,336.0,360.480010986328
5670,,0.0,60.8000030517578,62.5999908447266,61.6999979482422,60.8000030517578,60.7999992370605,306.419921875,289.67409994592344,352.699951171875,352.699951171875,346.000001,339.300048828125,441.779998779297
5675,,0.0,59.0999908447266,61.0,60.0499964223633,59.0999908447266,45.5999984741211,311.419921875,294.6525260826911,351.199951171875,351.199951171875,348.650025414062,346.10009765625,409.910003662109
5680,,0.0,59.2999877929688,59.2999877929688,58.3999948964844,57.5,60.0400009155273,316.419921875,299.6309522194597,359.7998046875,359.7998046875,352.5498056875,345.2998046875,462.649993896484
5685,,0.0,55.9000091552734,57.6999969482422,56.8000040517578,55.9000091552734,41.5,321.419921875,304.60937835622826,358.699951171875,358.699951171875,355.999878929687,353.2998046875,460.200012207031
5690,,0.0,54.4000015258789,56.0999908447266,55.1999903188477,54.2999877929688,54.4000015258789,326.419921875,309.58780449299593,356.699951171875,361.300048828125,359.000001,356.699951171875,326.079986572266
5695,,0.0,52.6999969482422,54.3999938964844,53.5499964223633,52.6999969482422,33.7000007629395,331.419921875,314.5662306297645,369.39990234375,369.39990234375,362.39990334375,355.39990234375,411.559997558594
5700,,0.0,52.8999938964844,52.8999938964844,52.0499964223633,51.1999969482422,53.0,336.419921875,319.5446567665331,368.199951171875,368.199951171875,365.400025414062,362.60009765625,368.440002441406
5705,,0.0,51.5,51.5,50.5999994741211,49.6999969482422,53.6199989318848,341.419921875,324.52308290330075,376.89990234375,376.89990234375,369.849976585937,362.800048828125,467.239990234375
5710,,0.0,48.1999969482422,49.9000091552734,49.0500040517578,48.1999969482422,47.25,346.419921875,329.5015090400693,375.10009765625,375.10009765625,372.35009865625,369.60009765625,422.089996337891
5715,,0.0,46.7999877929688,48.5,47.6499948964844,46.7999877929688,44.1500015258789,351.419921875,334.4799351768379,378.600006103516,380.800048828125,377.550049828125,374.300048828125,378.600006103516
5720,,0.0,47.0999908447266,47.0999908447266,46.2499933706055,45.3999938964844,47.2000007629395,356.419921875,339.45836131360556,386.89990234375,386.89990234375,379.89990334375,372.89990234375,493.299987792969
5725,,0.0,45.6000061035156,45.6000061035156,44.8000040517578,44.0,46.2999992370605,361.419921875,344.43678745037414,385.7998046875,385.7998046875,382.449830101562,379.099853515625,407.0
5730,,0.0,44.2999992370605,44.3000030517578,43.4500055776367,42.6000061035156,44.2999992370605,366.419921875,349.4152135871427,390.2998046875,390.2998046875,387.499878929687,384.699951171875,509.220001220703
5735,,0.0,42.6300010681152,43.0,42.1499948964844,41.2999877929688,42.6300010681152,371.419921875,354.3936397239104,393.0,394.599853515625,391.199952171875,387.800048828125,393.0
5740,,0.0,40.0,41.6999969482422,40.8499994741211,40.0,33.2400016784668,376.419921875,359.37206586067896,402.0,402.0,394.89990334375,387.7998046875,507.899993896484
5745,,0.0,40.4000091552734,40.4000091552734,39.5999994741211,38.7999877929688,40.4799995422363,381.419921875,364.3504919974466,400.399993896484,402.800048828125,399.400025414062,396.0,400.399993896484
5750,,0.0,37.8499984741211,38.8999938964844,38.1499948964844,37.3999938964844,37.8499984741211,386.419921875,369.3289181342152,402.5,404.300048828125,401.849976585937,399.39990234375,402.5
5755,,0.0,36.3199996948242,37.6999969482422,36.9499979482422,36.1999969482422,36.3199996948242,391.419921875,374.3073442709838,413.199951171875,413.199951171875,405.949952171875,398.699951171875,501.700012207031
5760,,0.0,35.0999908447266,36.5,35.7999964223633,35.0999908447266,33.0,396.419921875,379.28577040775144,411.800048828125,411.800048828125,409.349976585937,406.89990234375,412.160003662109
5765,,0.0,33.9000091552734,35.5,34.7000055776367,33.9000091552734,32.2299995422363,401.419921875,384.26419654452,406.39990234375,420.7998046875,413.599854515625,406.39990234375,405.200012207031
5770,,0.0,33.6699981689453,34.3000030517578,33.5500040517578,32.8000030517578,33.6699981689453,406.419921875,389.2426226812886,419.440002441406,419.5,416.750001,414.0,419.440002441406
5775,,0.0,31.6999969482422,33.1000061035156,32.4000025258789,31.6999969482422,30.7800006866455,411.419921875,394.22104881805626,423.39990234375,423.39990234375,420.64990334375,417.89990234375,775.369995117188
5780,,0.0,30.5999908447266,32.0,31.2999964223633,30.5999908447266,29.8400001525879,416.419921875,399.1994749548248,427.300048828125,427.300048828125,424.500001,421.699951171875,550.5
5785,,0.0,29.5999908447266,31.0999908447266,30.3499918447266,29.5999908447266,28.75,421.419921875,404.1779010915934,426.299987792969,435.699951171875,428.849976585937,422.0,426.299987792969
5790,,0.0,29.5200042724609,30.0,29.3499994741211,28.6999969482422,29.5200042724609,426.419921875,409.1563272283611,435.199951171875,435.199951171875,432.400025414062,429.60009765625,699.960021972656
5795,,0.0,28.8500003814697,29.1999969482422,28.4499979482422,27.6999969482422,28.8500003814697,431.419921875,414.13475336512965,443.599853515625,443.599853515625,436.799927757812,430.0,453.059997558594
5800,,0.0,27.6199951171875,28.0999908447266,27.3999948964844,26.6999969482422,27.6199951171875,436.419921875,419.11317950189823,443.199951171875,443.199951171875,440.400025414062,437.60009765625,565.52001953125
5805,,0.0,25.7999877929688,27.0999908447266,26.4499903188477,25.7999877929688,21.5900001525879,441.419921875,424.0916056386659,452.300048828125,452.300048828125,445.300049828125,438.300048828125,529.299987792969
5810,,0.0,26.1000061035156,26.1000061035156,25.500001,24.8999938964844,26.8999996185303,446.419921875,429.0700317754345,456.39990234375,456.39990234375,449.39990334375,442.39990234375,509.600006103516
5815,,0.0,24.0,25.3999938964844,24.6999979482422,24.0,18.25,451.419921875,434.04845791220214,460.5,460.5,453.349976585937,446.199951171875,544.400024414062
5820,,0.0,23.1999969482422,24.3999938964844,23.7999964223633,23.1999969482422,23.1000003814697,456.419921875,439.0268840489707,459.599853515625,459.599853515625,455.999878929687,452.39990234375,597.489990234375
5825,,0.0,23.5,23.5999908447266,22.8999948964844,22.1999969482422,23.5,461.419921875,444.0053101857393,458.0,463.699951171875,460.849976585937,458.0,411.670013427734
5830,,0.0,21.5,22.8000030517578,22.1500025258789,21.5,16.5100002288818,466.419921875,448.98373632250696,467.89990234375,467.89990234375,464.299927757812,460.699951171875,554.299987792969
5835,,0.0,21.4899997711182,22.0,21.3499994741211,20.6999969482422,21.4899997711182,471.419921875,453.96216245927553,476.39990234375,476.39990234375,469.64990334375,462.89990234375,731.330017089844
5840,,0.0,21.0,21.1999969482422,20.5499964223633,19.8999938964844,21.0,476.419921875,458.9405885960441,480.60009765625,480.60009765625,474.200074242187,467.800048828125,508.799987792969
5845,,0.0,19.3000030517578,20.5,19.9000025258789,19.3000030517578,14.039999961853,481.419921875,463.9190147328118,484.89990234375,484.89990234375,478.14990334375,471.39990234375,757.0
5850,,0.0,19.2999992370605,19.6999969482422,19.1500025258789,18.6000061035156,19.2999992370605,486.419921875,468.8974408695803,484.7998046875,484.7998046875,482.199830101562,479.599853515625,496.829986572266
5855,,0.0,17.8999938964844,19.0999908447266,18.4999933706055,17.8999938964844,7.84000015258789,491.419921875,473.8758670063489,480.699951171875,493.39990234375,487.049927757812,480.699951171875,411.5
5860,,0.0,18.1999969482422,18.3999938964844,17.7499933706055,17.0999908447266,18.1999969482422,496.419921875,478.8542931431166,484.300048828125,497.699951171875,491.000001,484.300048828125,400.700012207031
5865,,0.0,16.5,17.6999969482422,17.0999994741211,16.5,16.5,501.419921875,483.8327192798852,502.0,502.0,495.300049828125,488.60009765625,617.599975585938
5870,,0.0,16.6900005340576,17.1000061035156,16.500003861023,15.8999996185303,16.6900005340576,506.419921875,488.81114541665374,502.10009765625,502.10009765625,499.300049828125,496.5,630.760009765625
5875,,0.0,16.3999938964844,16.3999938964844,15.8499980436096,15.3000001907349,16.3999996185303,511.419921875,493.7895715534214,501.199951171875,506.5,503.849976585937,501.199951171875,498.730010986328
5880,,0.0,14.6999998092651,15.8000001907349,15.250001,14.6999998092651,11.8000001907349,516.419921875,498.76799769019,515.800048828125,515.800048828125,508.800049828125,501.800048828125,630.799987792969
5885,,0.0,14.1000003814697,15.1999998092651,14.6500010953674,14.1000003814697,10.8400001525879,521.419921875,503.74642382695765,506.199951171875,520.199951171875,513.199952171875,506.199951171875,178.240005493164
5890,,0.0,13.6000003814697,14.6999998092651,14.1500010953674,13.6000003814697,8.39999961853027,526.419921875,508.72484996372623,524.0,524.0,517.300049828125,510.60009765625,639.299987792969
5895,,0.0,13.1000003814697,14.1000003814697,13.6000013814697,13.1000003814697,7.94999980926514,531.419921875,513.7032761004948,528.400146484375,528.400146484375,521.750123070312,515.10009765625,964.570007324219
5900,,0.0,13.1499996185303,13.6000003814697,13.1000013814697,12.6000003814697,13.1499996185303,536.419921875,518.6817022372625,528.699951171875,528.699951171875,526.049927757812,523.39990234375,532.700012207031
5905,,0.0,12.8999996185303,13.1000003814697,12.6000013814697,12.1000003814697,12.8999996185303,541.419921875,523.660128374031,523.660128374031,537.400146484375,530.35009865625,523.300048828125,177.119995117188
5910,,0.0,12.25,12.6999998092651,12.1500010953674,11.6000003814697,12.25,546.419921875,528.6385545107996,528.6385545107996,542.599853515625,535.199830101562,527.7998046875,442.059997558594
5915,,0.0,11.1000003814697,12.1999998092651,11.6500010953674,11.1000003814697,8.57999992370605,551.419921875,533.6169806475673,533.6169806475673,546.400146484375,539.60009865625,532.800048828125,443.350006103516
5920,,0.0,11.25,11.6999998092651,11.2000008092651,10.6999998092651,11.25,556.419921875,538.5954067843359,538.5954067843359,551.599853515625,543.750001,535.900146484375,476.029998779297
5925,,0.0,10.3299999237061,11.3000001907349,10.8000011907349,10.3000001907349,10.3299999237061,561.419921875,543.5738329211044,551.300048828125,551.300048828125,548.150025414062,545.0,741.390014648438
5930,,0.0,9.89999961853027,10.8999996185303,10.3500009046326,9.80000019073486,9.89999961853027,566.419921875,548.5522590578721,560.7998046875,560.7998046875,552.89990334375,545.0,704.419982910156
5935,,0.0,9.5,10.5,10.000001,9.5,6.51999998092651,571.419921875,553.5306851946407,565.5,565.5,557.64990334375,549.7998046875,568.690002441406
5940,,0.0,10.1000003814697,10.1000003814697,9.60000138146973,9.10000038146973,13.9700002670288,576.419921875,558.5091113314093,570.10009765625,570.10009765625,562.250001,554.39990234375,849.940002441406
5945,,0.0,8.69999980926514,9.80000019073486,9.250001,8.69999980926514,4.38000011444092,581.419921875,563.4875374681769,574.699951171875,574.699951171875,566.849976585937,559.0,849.530029296875
5950,,0.0,9.0600004196167,9.39999961853027,8.90000061853027,8.39999961853027,9.0600004196167,586.419921875,568.4659636049455,574.300048828125,574.300048828125,571.150025414062,568.0,582.539978027344
5955,,0.0,9.0,9.0,8.500001,8.0,9.90999984741211,591.419921875,573.4443897417132,573.4443897417132,583.89990234375,576.000001,568.10009765625,338.350006103516
5960,,0.0,8.69999980926514,8.69999980926514,8.20000080926514,7.69999980926514,8.72999954223633,596.419921875,578.4228158784817,578.4228158784817,588.39990234375,580.549927757812,572.699951171875,515.760009765625
5965,,0.0,7.40000057220459,8.39999961853027,7.90000109536743,7.40000057220459,6.55000019073486,601.419921875,583.4012420152503,593.099853515625,593.099853515625,585.250001,577.400146484375,928.47998046875
5970,,0.0,7.1399998664856,8.10000038146973,7.60000090463257,7.09999942779541,7.1399998664856,606.419921875,588.379668152018,588.379668152018,598.0,590.64990334375,583.2998046875,525.159973144531
5975,,0.0,7.21000003814697,7.80000019073486,7.30000119073486,6.80000019073486,7.21000003814697,611.419921875,593.3580942887866,597.699951171875,597.699951171875,593.89990334375,590.099853515625,878.960021972656
5980,,0.0,6.59999942779541,7.5,7.05000071389771,6.59999942779541,6.0,616.419921875,598.3365204255551,598.3365204255551,607.099853515625,599.250001,591.400146484375,284.399993896484
5985,,0.0,6.30000019073486,7.19999980926514,6.750001,6.30000019073486,4.65000009536743,621.419921875,603.3149465623228,603.3149465623228,612.0,604.050049828125,596.10009765625,264.5
5990,,0.0,6.65999984741211,7.0,6.500001,6.0,6.65999984741211,626.419921875,608.2933726990914,608.2933726990914,617.5,609.800049828125,602.10009765625,394.0
5995,,0.0,6.5,6.69999980926514,6.250001,5.80000019073486,6.5,631.419921875,613.27179883586,621.60009765625,621.60009765625,613.35009865625,605.10009765625,769.760009765625
6000,,0.0,6.34999990463257,6.5,6.05000119073486,5.60000038146973,6.34999990463257,636.419921875,618.2502249726276,621.300048828125,621.300048828125,618.10009865625,614.900146484375,628.919982910156
6005,,0.0,5.30000019073486,6.19999980926514,5.750001,5.30000019073486,2.84999990463257,641.419921875,623.2286511093962,623.2286511093962,630.800048828125,622.700074242187,614.60009765625,564.5
6010,,0.0,6.0,6.0,5.55000119073486,5.10000038146973,6.19999980926514,646.419921875,628.2070772461648,628.2070772461648,636.60009765625,628.950074242187,621.300048828125,599.700012207031
6015,,0.0,5.69999980926514,5.80000019073486,5.35000090463257,4.89999961853027,5.69999980926514,651.419921875,633.1855033829324,640.300048828125,640.300048828125,632.200074242187,624.10009765625,641.200012207031
6020,,0.0,4.69999980926514,5.59999942779541,5.15000061853027,4.69999980926514,3.86999988555908,656.419921875,638.163929519701,645.0,645.0,637.150025414062,629.300048828125,650.539978027344
6025,,0.0,5.40000057220459,5.40000057220459,5.00000147683716,4.60000038146973,5.48999977111816,661.419921875,643.1423556564687,645.199951171875,645.199951171875,642.000001,638.800048828125,650.799987792969
6030,,0.0,4.40000057220459,5.19999980926514,4.80000119073486,4.40000057220459,3.40000009536743,666.419921875,648.1207817932373,654.7998046875,654.7998046875,647.14990334375,639.5,673.299987792969
6035,,0.0,5.0,5.0,4.60000090463257,4.19999980926514,6.19999980926514,671.419921875,653.0992079300058,659.599853515625,659.599853515625,651.750001,643.900146484375,784.299987792969
6040,,0.0,4.0,4.90000057220459,4.4500012861023,4.0,2.59999990463257,676.419921875,658.0776340667735,658.0776340667735,664.300048828125,656.500001,648.699951171875,356.100006103516
6045,,0.0,4.07999992370605,4.69999980926514,4.30000119073486,3.90000057220459,4.07999992370605,681.419921875,663.0560602035421,662.77001953125,669.400146484375,661.35009865625,653.300048828125,662.77001953125
6050,,0.0,4.5,4.5,4.15000061853027,3.79999923706055,4.5,686.419921875,668.0344863403107,669.199951171875,669.199951171875,665.349976585937,661.5,693.0
6055,,0.0,3.59999942779541,4.39999961853027,4.00000052316284,3.59999942779541,3.3199999332428,691.419921875,673.0129124770783,673.0129124770783,679.0,670.750001,662.5,280.0
6060,,0.0,3.39999961853027,4.19999980926514,3.80000071389771,3.39999961853027,1.5,696.419921875,677.9913386138469,685.0,685.0,676.699952171875,668.39990234375,954.27001953125
6065,,0.0,3.30000019073486,4.09999942779541,3.70000080926514,3.30000019073486,2.45000004768372,701.419921875,682.9697647506155,688.699951171875,688.699951171875,680.449952171875,672.199951171875,888.080017089844
6070,,0.0,3.19999980926514,4.0,3.60000090463257,3.19999980926514,1.76999998092651,706.419921875,687.9481908873831,694.099853515625,694.099853515625,685.549927757812,677.0,892.929992675781
6075,,0.0,3.10000038146973,3.79999923706055,3.45000080926514,3.10000038146973,3.09999990463257,711.419921875,692.9266170241517,692.9266170241517,693.39990234375,689.549927757812,685.699951171875,346.899993896484
6080,,0.0,2.94999980926514,3.69999980926514,3.32500080926514,2.94999980926514,2.79999995231628,716.419921875,697.9050431609203,697.9050431609203,704.5,696.099976585937,687.699951171875,470.640014648438
6085,,0.0,2.85000038146973,3.59999942779541,3.22500090463257,2.85000038146973,2.76999998092651,721.419921875,702.883469297688,702.883469297688,709.800048828125,700.750001,691.699951171875,346.380004882812
6090,,0.0,2.75,3.5,3.125001,2.75,2.20000004768372,726.419921875,707.8618954344565,707.8618954344565,713.60009765625,705.550049828125,697.5,453.070007324219
6095,,0.0,3.10000038146973,3.39999961853027,3.02500109536743,2.65000057220459,3.10000038146973,731.419921875,712.8403215712242,719.10009765625,719.10009765625,710.750123070312,702.400146484375,842.900024414062
6100,,0.0,2.83999991416931,3.29999923706055,2.92500071389771,2.55000019073486,2.83999991416931,736.419921875,717.8187477079928,717.800048828125,717.800048828125,714.60009865625,711.400146484375,819.489990234375
6105,,0.0,2.5,3.19999980926514,2.85000090463257,2.5,2.3199999332428,741.419921875,722.7971738447613,729.300048828125,729.300048828125,720.250001,711.199951171875,824.099975585938
6110,,0.0,2.35000038146973,3.09999942779541,2.72500090463257,2.35000038146973,2.15000009536743,746.419921875,727.775599981529,733.699951171875,733.699951171875,725.64990334375,717.599853515625,837.099975585938
6115,,0.0,2.40000009536743,2.94999980926514,2.625001,2.30000019073486,2.40000009536743,751.419921875,732.7540261182976,738.0,738.0,729.900025414062,721.800048828125,841.700012207031
6120,,0.0,2.84999942779541,2.84999942779541,2.52500061853027,2.19999980926514,2.94000005722046,756.419921875,737.7324522550662,742.199951171875,742.199951171875,733.949952171875,725.699951171875,846.599975585938
6125,,0.0,2.10000038146973,2.75,2.42500119073486,2.10000038146973,2.0,761.419921875,742.7108783918338,747.699951171875,747.699951171875,739.14990334375,730.599853515625,849.599975585938
6130,,0.0,2.04999923706055,2.69999980926514,2.37500052316284,2.04999923706055,1.21000003814697,766.419921875,747.6893045286024,752.599853515625,752.599853515625,744.049927757812,735.5,865.599975585938
6135,,0.0,1.94999980926514,2.59999942779541,2.27500061853027,1.94999980926514,1.45000004768372,771.419921875,752.667730665371,756.89990234375,756.89990234375,748.64990334375,740.39990234375,779.299987792969
6140,,0.0,2.35999989509583,2.54999923706055,2.22500042779541,1.89999961853027,2.35999989509583,776.419921875,757.6461568021386,762.39990234375,762.39990234375,753.849854515625,745.2998046875,780.5
6145,,0.0,1.85000038146973,2.44999980926514,2.15000109536743,1.85000038146973,1.72000002861023,781.419921875,762.6245829389072,768.0,768.0,759.650025414062,751.300048828125,769.799987792969
6150,,0.0,2.26999998092651,2.40000057220459,2.0750012861023,1.75,2.26999998092651,786.419921875,767.6030090756758,767.5,767.5,764.050049828125,760.60009765625,1107.72998046875
6155,,0.0,1.69999980926514,2.29999923706055,2.00000052316284,1.69999980926514,0.689999997615814,791.419921875,772.5814352124435,777.800048828125,777.800048828125,769.449952171875,761.099853515625,1013.09997558594
6160,,0.0,2.25,2.25,1.95000080926514,1.64999961853027,2.70000004768372,796.419921875,777.559861349212,777.559861349212,782.199951171875,774.500001,766.800048828125,368.5
6165,,0.0,2.02999997138977,2.19999980926514,1.875001,1.55000019073486,2.02999997138977,801.419921875,782.5382874859797,782.5382874859797,787.60009765625,779.900025414062,772.199951171875,395.079986572266
6170,,0.0,1.5,2.14999961853027,1.82500080926514,1.5,1.12999999523163,806.419921875,787.5167136227483,791.39990234375,791.39990234375,783.099854515625,774.7998046875,1054.0
6175,,0.0,2.10000038146973,2.10000038146973,1.80000119073486,1.5,2.80999994277954,811.419921875,792.4951397595169,791.400146484375,791.400146484375,787.800049828125,784.199951171875,1059.19995117188
6180,,0.0,1.39999997615814,2.04999923706055,1.72500042779541,1.39999961853027,1.39999997615814,816.419921875,797.4735658962845,801.900146484375,801.900146484375,793.800049828125,785.699951171875,1052.69995117188
6185,,0.0,1.45000004768372,2.0,1.6750007138977,1.34999942779541,1.45000004768372,821.419921875,802.4519920330531,806.800048828125,806.800048828125,798.700074242187,790.60009765625,808.799987792969
6190,,0.0,1.35000002384186,1.94999980926514,1.62500052316284,1.29999923706055,1.35000002384186,826.419921875,807.4304181698217,807.4304181698217,811.099853515625,802.799927757812,794.5,752.099975585938
6195,,0.0,1.25,1.89999961853027,1.57500080926514,1.25,0.349999994039536,831.419921875,812.4088443065893,812.4088443065893,816.0,808.549927757812,801.099853515625,533.369995117188
6200,,0.0,1.62000000476837,1.85000038146973,1.55000119073486,1.25,1.62000000476837,836.419921875,817.3872704433579,816.699951171875,816.699951171875,813.300049828125,809.900146484375,841.099975585938
6210,,0.0,1.10000038146973,1.75,1.42500119073486,1.10000038146973,0.449999988079071,846.419921875,827.3441227168942,827.3441227168942,831.2998046875,822.749878929687,814.199951171875,267.700012207031
6220,,0.0,1.51999998092651,1.64999961853027,1.35000090463257,1.05000019073486,1.51999998092651,856.419921875,837.3009749904313,837.3009749904313,841.199951171875,832.64990334375,824.099853515625,324.100006103516
6225,,0.0,1.04999923706055,1.64999961853027,1.35000042779541,1.04999923706055,1.0,861.419921875,842.279401127199,842.279401127199,846.800048828125,838.449952171875,830.099853515625,487.989990234375
6230,,0.0,1.07000005245209,1.59999942779541,1.27500070793724,0.949999988079071,1.07000005245209,866.419921875,847.2578272639676,847.2578272639676,851.199951171875,843.099976585937,835.0,584.719970703125
6240,,0.0,1.07000005245209,1.5,1.20000098807907,0.899999976158142,1.07000005245209,876.419921875,857.2146795375038,857.2146795375038,862.10009765625,853.050049828125,844.0,594.320007324219
6250,,0.0,1.10000002384186,1.44999980926514,1.17500089271164,0.899999976158142,1.10000002384186,886.419921875,867.17153181104,871.5,871.5,863.14990334375,854.7998046875,1202.32995605469
6260,,0.0,1.07000005245209,1.39999961853027,1.1000008152256,0.800000011920929,1.07000005245209,896.419921875,877.1283840845772,881.400146484375,881.400146484375,873.050049828125,864.699951171875,1090.7900390625
6270,,0.0,0.949999988079071,1.35000038146973,1.05000119073486,0.75,0.949999988079071,906.419921875,887.0852363581134,887.0852363581134,891.300048828125,882.949952171875,874.599853515625,685.599975585938
6275,,0.0,1.0,1.35000038146973,1.05000119073486,0.75,1.0,911.419921875,892.063662494882,892.063662494882,895.599853515625,887.049927757812,878.5,484.700012207031
6280,,0.0,0.699999988079071,1.29999923706055,1.00000061256981,0.699999988079071,0.680000007152557,916.419921875,897.0420886316497,901.699951171875,901.699951171875,892.650025414062,883.60009765625,1236.23999023438
6290,,0.0,1.1599999666214,1.25,0.950000988079071,0.649999976158142,1.1599999666214,926.419921875,906.9989409051868,906.9989409051868,910.5,901.89990334375,893.2998046875,691.710021972656
6300,,0.0,1.0,1.0,0.825000988079071,0.649999976158142,1.20000004768372,936.419921875,916.9557931787232,921.10009765625,921.10009765625,912.700074242187,904.300048828125,1260.69995117188
6310,,0.0,1.14999961853027,1.14999961853027,0.875000821186066,0.600000023841858,1.29999995231628,946.419921875,926.9126454522592,926.9126454522592,929.7998046875,921.499878929687,913.199951171875,216.929992675781
6320,,0.0,1.10000038146973,1.10000038146973,0.825001196695328,0.550000011920929,2.72000002861023,956.419921875,936.8694977257956,936.8694977257956,940.900146484375,932.849976585937,924.7998046875,657.989990234375
6325,,0.0,1.10000038146973,1.10000038146973,0.825001196695328,0.550000011920929,1.17999994754791,961.419921875,941.847923862564,941.847923862564,945.300048828125,937.200074242187,929.10009765625,726.0
6330,,0.0,0.5,1.10000038146973,0.800001190734863,0.5,0.379999995231628,966.419921875,946.8263499993328,946.8263499993328,950.300048828125,942.200074242187,934.10009765625,393.739990234375
6340,,0.0,1.05000019073486,1.05000019073486,0.775001095367432,0.5,1.76999998092651,976.419921875,956.783202272869,956.783202272869,960.800048828125,953.050049828125,945.300048828125,282.700012207031
6350,,0.0,0.5,1.0,0.750001,0.5,0.449999988079071,986.419921875,966.7400545464052,969.5,969.5,961.199952171875,952.89990234375,1226.80004882812
6360,,0.0,0.699999988079071,1.0,0.725000994039536,0.449999988079071,0.699999988079071,996.419921875,976.6969068199425,976.6969068199425,980.10009765625,972.000001,963.89990234375,420.700012207031
6370,,0.0,0.949999988079071,0.949999988079071,0.675000982118607,0.399999976158142,1.04999995231628,1006.419921875,986.6537590934786,991.0,991.0,981.950074242187,972.900146484375,1351.5
6375,,0.0,0.639999985694885,0.949999988079071,0.675000982118607,0.399999976158142,0.639999985694885,1011.419921875,991.6321852302464,991.6321852302464,995.0,986.89990334375,978.7998046875,505.160003662109
6380,,0.0,0.469999998807907,0.949999988079071,0.675000982118607,0.399999976158142,0.469999998807907,1016.419921875,996.6106113670148,996.6106113670148,1000.0,992.300049828125,984.60009765625,456.540008544922
6390,,0.0,0.899999976158142,0.899999976158142,0.625000970197678,0.349999964237213,2.34999990463257,1026.419921875,1006.5674636405512,1006.5674636405512,1010.5,1002.09997658594,993.699951171875,279.600006103516
6400,,0.0,0.550000011920929,0.850000023841858,0.600000994039536,0.349999964237213,0.550000011920929,1036.419921875,1016.5243159140882,1016.5243159140882,1021.0,1012.59997658594,1004.19995117188,796.239990234375
6410,,0.0,0.699999988079071,0.850000023841858,0.575001017881393,0.300000011920929,0.699999988079071,1046.419921875,1026.4811681876245,1021.94995217187,1030.30004882812,1021.94995217187,1013.59985351562,
6420,,0.0,0.649999976158142,0.850000023841858,0.575001017881393,0.300000011920929,0.649999976158142,1056.419921875,1036.4380204611607,1040.30004882812,1040.30004882812,1031.90002541406,1023.5,1170.81005859375
6425,,0.0,0.800000011920929,0.800000011920929,0.550001011920929,0.300000011920929,0.899999976158142,1061.419921875,1041.4164465979293,1041.4164465979293,1045.19995117188,1037.15002541406,1029.10009765625,823.210021972656
6430,,0.0,0.449999988079071,0.800000011920929,0.550001011920929,0.300000011920929,0.449999988079071,1066.419921875,1046.394872734698,1046.394872734698,1049.80004882812,1040.750001,1031.69995117188,772.679992675781
6440,,0.0,0.800000011920929,0.800000011920929,0.525001005960465,0.25,0.800000011920929,1076.419921875,1056.351725008234,1051.79992775781,1060.19995117188,1051.79992775781,1043.39990234375,
6450,,0.0,0.430000007152557,0.75,0.500001,0.25,0.430000007152557,1086.419921875,1066.3085772817703,1066.3085772817703,1070.0,1061.20007424219,1052.40014648438,523.919982910156
6460,,0.0,0.699999988079071,0.75,0.500001,0.25,0.699999988079071,1096.419921875,1076.2654295553066,1076.2654295553066,1080.0,1071.65002541406,1063.30004882812,793.320007324219
6470,,0.0,0.75,0.75,0.475000994039535,0.199999988079071,4.59999990463257,1106.419921875,1086.2222818288435,1081.59997658594,1090.0,1081.59997658594,1073.19995117188,
6475,,0.0,0.75,0.75,0.500001,0.25,1.04999995231628,1111.419921875,1091.2007079656114,1086.59997658594,1095.0,1086.59997658594,1078.19995117188,
6480,,0.0,0.400000005960464,0.699999988079071,0.450000988079071,0.199999988079071,0.400000005960464,1116.419921875,1096.17913410238,1096.17913410238,1098.69995117188,1090.34997658594,1082.0,798.700012207031
6490,,0.0,0.449999988079071,0.699999988079071,0.450000988079071,0.199999988079071,0.449999988079071,1126.419921875,1106.1359863759162,1106.1359863759162,1109.90014648438,1101.500001,1093.09985351562,810.469970703125
6500,,0.0,0.600000023841858,0.699999988079071,0.450000988079071,0.199999988079071,0.600000023841858,1136.419921875,1116.0928386494534,1119.09985351562,1119.09985351562,1110.49987892969,1101.89990234375,1192.30004882812
6510,,0.0,0.200000002980232,0.699999988079071,0.425000982118607,0.149999976158142,0.200000002980232,1146.419921875,1126.0496909229896,1126.0496909229896,1129.19995117188,1121.09997658594,1113.0,817.190002441406
6520,,0.0,0.649999976158142,0.649999976158142,0.400000976158142,0.149999976158142,1.20000004768372,1156.419921875,1136.006543196526,1136.006543196526,1139.60009765625,1130.80004982813,1122.0,830.549987792969
6525,,0.0,0.649999976158142,0.649999976158142,0.400001005960464,0.150000035762787,1.10000002384186,1161.419921875,1140.9849693332944,1140.9849693332944,1144.69995117188,1136.29992775781,1127.89990234375,833.359985351562
6550,,0.0,0.649999976158142,0.649999976158142,0.400001005960464,0.150000035762787,1.0,1186.419921875,1165.8771000171355,1165.8771000171355,1169.0,1160.90002541406,1152.80004882812,467.899993896484
6575,,0.0,0.300000011920929,0.600000023841858,0.350000994039535,0.0999999642372131,0.300000011920929,1211.419921875,1190.7692307009763,1184.84997658594,1193.19995117188,1184.84997658594,1176.5,
6600,,0.0,0.600000023841858,0.600000023841858,0.350001023841858,0.100000023841858,0.800000011920929,1236.419921875,1215.6613613848176,1215.6613613848176,1219.69995117188,1210.65002541406,1201.60009765625,508.049987792969
6650,,0.0,0.340000003576279,0.550000011920929,0.300001006332993,0.0500000007450581,0.340000003576279,1286.419921875,1265.4456227525006,1265.4456227525006,1269.10009765625,1260.70007424219,1252.30004882812,624.419982910156
6700,,0.0,0.550000011920929,0.550000011920929,0.300001006332993,0.0500000007450581,0.550000011920929,1336.419921875,1315.2298841201828,1318.10009765625,1318.10009765625,1309.50012307031,1300.90014648438,1631.78002929688
6750,,0.0,0.5,0.5,0.275001000372529,0.0500000007450581,0.5,1386.419921875,1365.0141454878658,1365.0141454878658,1369.19995117188,1360.64990334375,1352.09985351562,1068.77001953125
6800,,0.0,0.500001,0.5,0.500001,,0.300000011920929,1436.419921875,1414.798406855548,1414.798406855548,1418.40014648438,1410.15002541406,1401.89990234375,708.099975585938
6850,,0.0,0.500001,0.5,0.500001,,0.449999988079071,1486.419921875,1464.58266822323,1464.58266822323,1467.40014648438,1458.80004982813,1450.19995117188,935.0
6900,,0.0,0.500001,0.5,0.500001,,0.449999988079071,1536.419921875,1514.366929590913,1518.30004882812,1518.30004882812,1509.250001,1500.19995117188,1607.30004882812
6950,,0.0,0.450000988079071,0.449999988079071,0.450000988079071,,0.300000011920929,1586.419921875,1564.1511909585952,1559.05004982813,1568.10009765625,1559.05004982813,1550.0,
7000,,0.0,0.450000988079071,0.449999988079071,0.450000988079071,,0.310000002384186,1636.419921875,1613.9354523262782,1618.80004882812,1618.80004882812,1610.000001,1601.19995117188,1754.19995117188
7100,,0.0,0.450000988079071,0.449999988079071,0.450000988079071,,0.150000005960464,1736.419921875,1713.5039750616434,1713.5039750616434,1717.10009765625,1708.80004982813,1700.5,905.880004882812
7200,,0.0,0.450000988079071,0.449999988079071,0.450000988079071,,0.150000005960464,1836.419921875,1813.0724977970076,1808.80004982813,1817.30004882812,1808.80004982813,1800.30004882812,
7300,,0.0,0.450000988079071,0.449999988079071,0.450000988079071,,0.0500000007450581,1936.419921875,1912.6410205323727,1912.6410205323727,1916.5,1907.70007424219,1898.90014648438,1174.73999023438
7400,,0.0,0.400001035762787,0.400000035762787,0.400001035762787,,0.300000011920929,2036.419921875,2012.209543267738,2012.209543267738,2016.5,2007.95007424219,1999.40014648438,1589.43005371094
7500,,0.0,0.100000001490116,0.25,0.174999997019768,0.100000001490116,0.100000001490116,2136.419921875,2111.778066003103,2107.15002541406,2115.60009765625,2107.15002541406,2098.69995117188,
7600,,0.0,0.400001035762787,0.400000035762787,0.400001035762787,,0.100000001490116,2236.419921875,2211.346588738468,2207.30004982812,2216.10009765625,2207.30004982812,2198.5,
7700,,0.0,0.400001035762787,0.400000035762787,0.400001035762787,,0.119999997317791,2336.419921875,2310.9151114738333,2305.45007424219,2313.10009765625,2305.45007424219,2297.80004882812,
7800,,0.0,0.200000002980232,0.200000002980232,0.200000002980232,,0.25,2436.419921875,2410.4836342091985,2415.19995117188,2415.19995117188,2406.40002541406,2397.60009765625,2611.47998046875
7900,,0.0,0.350001023841858,0.350000023841858,0.350001023841858,,0.800000011920929,2536.419921875,2510.0521569445627,2510.0521569445627,2512.19995117188,2503.79992775781,2495.39990234375,2274.09008789062
8000,,0.0,0.150000005960464,0.150000005960464,0.150000005960464,,0.200000002980232,2636.419921875,2609.620679679928,2613.39990234375,2613.39990234375,2605.04992775781,2596.69995117188,2810.53002929688
8100,,0.0,0.300001011920929,0.300000011920929,0.300001011920929,,0.150000005960464,2736.419921875,2709.189202415293,2704.94995217187,2713.89990234375,2704.94995217187,2696.0,
8200,,0.0,0.250001,0.25,0.250001,,0.0500000007450581,2836.419921875,2808.757725150658,2802.14990334375,2810.89990234375,2802.14990334375,2793.39990234375,
8300,,0.0,0.250001,0.25,0.250001,,0.5,2936.419921875,2908.3262478860224,2903.94995217187,2913.0,2903.94995217187,2894.89990234375,
8400,,0.0,0.100000001490116,0.100000001490116,0.100000001490116,,0.300000011920929,3036.419921875,3007.8947706213885,3003.80004982812,3012.60009765625,3003.80004982812,2995.0,
8500,,0.0,0.200000988079071,0.199999988079071,0.200000988079071,,0.0799999982118607,3136.419921875,3107.4632933567527,3107.4632933567527,3111.19995117188,3102.750001,3094.30004882812,2628.6201171875
8600,,0.0,0.200000988079071,0.199999988079071,0.200000988079071,,0.200000002980232,3236.419921875,3207.031816092119,3202.65002541406,3211.69995117188,3202.65002541406,3193.60009765625,
8700,,0.0,0.200000988079071,0.199999988079071,0.200000988079071,,,3336.419921875,3306.600338827483,3301.09997658594,3308.80004882812,3301.09997658594,3293.39990234375,
8800,,0.0,0.200000988079071,0.199999988079071,0.200000988079071,,0.300000011920929,3436.419921875,3406.168861562849,3406.168861562849,3409.89990234375,3400.84997658594,3391.80004882812,2938.80004882812
8900,,0.0,0.200000988079071,0.199999988079071,0.200000988079071,,0.200000002980232,3536.419921875,3505.7373842982133,3510.39990234375,3510.39990234375,3501.34997658594,3492.30004882812,3573.13989257812
9000,,0.0,0.200000988079071,0.199999988079071,0.200000988079071,,0.100000001490116,3636.419921875,3605.3059070335776,3605.3059070335776,3607.5,3598.69995217187,3589.89990234375,3298.06005859375
9200,,0.0,0.0500000007450581,0.0500000007450581,0.0500000007450581,,0.100000001490116,3836.419921875,3804.442952504308,3809.10009765625,3809.10009765625,3800.05004982812,3791.0,3871.73999023438
9600,,0.0,0.150001035762787,0.150000035762787,0.150001035762787,,,4236.419921875,4202.7170434457685,4198.349610375,4207.3984375,4198.349610375,4189.30078125,
10000,,0.0,0.150001035762787,0.150000035762787,0.150001035762787,,0.0500000007450581,4636.419921875,4600.991134387229,4603.09765625,4603.09765625,4595.697266625,4588.296875,4972.7998046875
10400,,0.0,0.150001035762787,0.150000035762787,0.150001035762787,,,5036.419921875,4999.265225328688,4993.94921975,5003.0,4993.94921975,4984.8984375,
10800,,0.0,0.150001035762787,0.150000035762787,0.150001035762787,,0.209999993443489,5436.419921875,5397.539316270148,5393.150391625,5402.19921875,5393.150391625,5384.1015625,
10900,,0.0,0.150001035762787,0.150000035762787,0.150001035762787,,,5536.419921875,5497.1078390055145,5497.1078390055145,5499.296875,5490.498047875,5481.69921875,4729.27978515625
11000,,0.0,0.350001023841858,0.350000023841858,0.350001023841858,,,5636.419921875,5596.676361740879,5600.3984375,5600.3984375,5591.34765725,5582.296875,5940.9599609375
